-- phpMyAdmin SQL Dump
-- version 4.0.10.14
-- http://www.phpmyadmin.net
--
-- Host: localhost:3306
-- Generation Time: Dec 28, 2016 at 09:45 PM
-- Server version: 5.6.33-log
-- PHP Version: 5.6.20

SET SQL_MODE = "NO_AUTO_VALUE_ON_ZERO";
SET time_zone = "+00:00";


/*!40101 SET @OLD_CHARACTER_SET_CLIENT=@@CHARACTER_SET_CLIENT */;
/*!40101 SET @OLD_CHARACTER_SET_RESULTS=@@CHARACTER_SET_RESULTS */;
/*!40101 SET @OLD_COLLATION_CONNECTION=@@COLLATION_CONNECTION */;
/*!40101 SET NAMES utf8 */;

--
-- Database: `mcaca679_heydhobi`
--

-- --------------------------------------------------------

--
-- Table structure for table `admin`
--

CREATE TABLE IF NOT EXISTS `admin` (
  `ADMIN_ID` int(9) NOT NULL AUTO_INCREMENT,
  `PASSWORD` varchar(30) NOT NULL,
  `ADMIN_EMAIL` varchar(50) NOT NULL,
  `TYPE` varchar(15) NOT NULL,
  `ARCHIVE` varchar(9) NOT NULL,
  `ADMIN_NAME` varchar(30) NOT NULL,
  `STATUS` varchar(2) NOT NULL DEFAULT 'Y',
  PRIMARY KEY (`ADMIN_ID`)
) ENGINE=InnoDB  DEFAULT CHARSET=latin1 AUTO_INCREMENT=8 ;

--
-- Dumping data for table `admin`
--

INSERT INTO `admin` (`ADMIN_ID`, `PASSWORD`, `ADMIN_EMAIL`, `TYPE`, `ARCHIVE`, `ADMIN_NAME`, `STATUS`) VALUES
(1, 'admin123', 'admin@gmail.com', 'Admin', 'N', 'Admin', 'Y'),
(5, 'test', 'test@gmail.com', 'SUB-ADMIN', 'Y', 'test', 'Y'),
(6, 'Ketan yadav', 'kyadav073@gmail.com', 'SUB-ADMIN', 'Y', 'Ketan Yadav', 'Y'),
(7, 'kunalpawar', 'kunalpawar12345@gmail.com', 'SUB-ADMIN', 'N', 'Kunal Pawar', 'Y');

-- --------------------------------------------------------

--
-- Table structure for table `enquiry`
--

CREATE TABLE IF NOT EXISTS `enquiry` (
  `ENQUIRY_ID` int(9) NOT NULL AUTO_INCREMENT,
  `NAME` varchar(30) NOT NULL,
  `EMAIL_ID` varchar(30) NOT NULL,
  `MESSAGE` varchar(150) NOT NULL,
  `ARCHIVE` varchar(1) DEFAULT 'N',
  PRIMARY KEY (`ENQUIRY_ID`)
) ENGINE=InnoDB  DEFAULT CHARSET=latin1 AUTO_INCREMENT=12 ;

--
-- Dumping data for table `enquiry`
--

INSERT INTO `enquiry` (`ENQUIRY_ID`, `NAME`, `EMAIL_ID`, `MESSAGE`, `ARCHIVE`) VALUES
(7, 'Anitha Manharan', 'reddyanitha407@gmail.com', 'testing in progress', 'Y'),
(8, 'TESTING', 'TEST@GMAIL.COM', 'testing in progress', 'N'),
(9, 'amrit vijra', 'amritvijra@yahoo.com', 'Please book for ironing', 'N'),
(10, 'Shubham shukla ', 'shubhamshukla203@gmail.com', 'I got 3 pair of shirts and trousers, what would b price for washing and ironing?', 'N'),
(11, '', '', '', 'N');

-- --------------------------------------------------------

--
-- Table structure for table `gcm_users`
--

CREATE TABLE IF NOT EXISTS `gcm_users` (
  `id` int(11) NOT NULL AUTO_INCREMENT,
  `user_id` varchar(40) NOT NULL,
  `gcm_reg_id` varchar(255) NOT NULL,
  PRIMARY KEY (`id`)
) ENGINE=MyISAM  DEFAULT CHARSET=utf8 AUTO_INCREMENT=3 ;

--
-- Dumping data for table `gcm_users`
--

INSERT INTO `gcm_users` (`id`, `user_id`, `gcm_reg_id`) VALUES
(2, '000CBD7A-2777-476F-84AB-5C1BAD238BBD', 'APA91bHcez3e5jAGl7lEooD0MuRCmuSLsSc2GmDx76TXYWof4OhNnVE3H2C4znMMH-XaXF5-n2NZmUK3fIa9Rt4lIX3W1r49B0keg6bx9dGb4j20CFz50LoDqgyvVl9K8alf9fLlOsrV');

-- --------------------------------------------------------

--
-- Table structure for table `reply`
--

CREATE TABLE IF NOT EXISTS `reply` (
  `REPLY_ID` int(9) NOT NULL AUTO_INCREMENT,
  `ENQUIRY_ID` int(9) NOT NULL,
  `ADMIN_ID` varchar(30) NOT NULL,
  `MESSAGE` varchar(200) NOT NULL,
  `EMAIL_ID` varchar(60) NOT NULL,
  `CREATED_TIME` varchar(30) NOT NULL,
  `ARCHIVE` varchar(9) NOT NULL,
  PRIMARY KEY (`REPLY_ID`)
) ENGINE=InnoDB  DEFAULT CHARSET=latin1 AUTO_INCREMENT=40 ;

--
-- Dumping data for table `reply`
--

INSERT INTO `reply` (`REPLY_ID`, `ENQUIRY_ID`, `ADMIN_ID`, `MESSAGE`, `EMAIL_ID`, `CREATED_TIME`, `ARCHIVE`) VALUES
(35, 7, '1', ' hey miss Anitha How Are you...!!', 'reddyanitha407@gmail.com', '1465219003', 'N'),
(36, 8, '1', '', 'TEST@GMAIL.COM', '1465281283', 'N'),
(37, 8, '1', ' okay test', 'TEST@GMAIL.COM', '1465294050', 'N'),
(38, 9, '1', ' Dear Amrit please share your contact details for booking or kindly call us on 09396141414', 'amritvijra@yahoo.com', '1465457679', 'N'),
(39, 10, '1', ' Dear Shubham,\r\n3 pairs of shirts and trousers should be approx 1.5 kgs, so the amount could be between Rs. 110-130 based on the actual weight of the cloth.\r\nRegards,\r\nHeyDhobi', 'shubhamshukla203@gmail.com', '1466306174', 'N');

-- --------------------------------------------------------

--
-- Table structure for table `schedule_picker`
--

CREATE TABLE IF NOT EXISTS `schedule_picker` (
  `ORDER_ID` int(9) NOT NULL AUTO_INCREMENT,
  `USER_ID` varchar(40) NOT NULL,
  `DATE` varchar(40) NOT NULL,
  `TIME` varchar(40) NOT NULL,
  `TYPES` varchar(200) NOT NULL,
  `ORDER_DELIVERY` varchar(100) NOT NULL,
  `COST` varchar(50) DEFAULT 'N/A',
  `KG` varchar(10) DEFAULT 'N/A',
  `PIECE` varchar(10) DEFAULT 'N/A',
  `OTHERS` varchar(150) DEFAULT NULL,
  `MESSAGE` text,
  `WASH_AND_FOLD_W` varchar(60) DEFAULT NULL,
  `WASH_AND_FOLD_R` varchar(60) DEFAULT NULL,
  `IRONING_W` varchar(60) DEFAULT NULL,
  `IRONING_R` varchar(60) DEFAULT NULL,
  `WASH_AND_IRON_W` varchar(60) DEFAULT NULL,
  `WASH_AND_IRON_R` varchar(60) DEFAULT NULL,
  `DRY_CLEAN_W` varchar(60) DEFAULT NULL,
  `DRY_CLEAN_R` varchar(60) DEFAULT NULL,
  `EXTRA_WASH_AND_FOLD` text,
  `EXTRA_DRY_CLEAN` text,
  `EXTRA_IRONING` text,
  `EXTRA_WASH_IRON` text,
  `STATUS` varchar(40) NOT NULL DEFAULT '',
  `CREATED_ON` varchar(60) NOT NULL,
  `DELIVERY_DATE` varchar(40) NOT NULL,
  `DELIVERY_TIME` varchar(40) NOT NULL DEFAULT 'N/A',
  `COUPON` varchar(500) NOT NULL DEFAULT 'N/A',
  PRIMARY KEY (`ORDER_ID`)
) ENGINE=InnoDB  DEFAULT CHARSET=latin1 AUTO_INCREMENT=381 ;

--
-- Dumping data for table `schedule_picker`
--

INSERT INTO `schedule_picker` (`ORDER_ID`, `USER_ID`, `DATE`, `TIME`, `TYPES`, `ORDER_DELIVERY`, `COST`, `KG`, `PIECE`, `OTHERS`, `MESSAGE`, `WASH_AND_FOLD_W`, `WASH_AND_FOLD_R`, `IRONING_W`, `IRONING_R`, `WASH_AND_IRON_W`, `WASH_AND_IRON_R`, `DRY_CLEAN_W`, `DRY_CLEAN_R`, `EXTRA_WASH_AND_FOLD`, `EXTRA_DRY_CLEAN`, `EXTRA_IRONING`, `EXTRA_WASH_IRON`, `STATUS`, `CREATED_ON`, `DELIVERY_DATE`, `DELIVERY_TIME`, `COUPON`) VALUES
(66, '3004F1B4-B2B2-4B2F-AD71-4BA447191E95', '06/03/2016', '07:30:00 PM - 8:29:59 PM', '1,2', '06/05/2016', 'N/A', 'N/A', 'N/A', '', '', NULL, NULL, NULL, NULL, NULL, NULL, NULL, NULL, NULL, NULL, NULL, '', 'COMPLETED', '1464959182', '06/05/2016', '', 'N/A'),
(67, '3004F1B4-B2B2-4B2F-AD71-4BA447191E95', '06/03/2016', '07:30:00 PM - 8:29:59 PM', '', '06/05/2016', 'N/A', 'N/A', 'N/A', '', '', NULL, NULL, NULL, NULL, NULL, NULL, NULL, NULL, NULL, NULL, NULL, '', 'COMPLETED', '1464959285', '06/05/2016', '', 'N/A'),
(68, '3004F1B4-B2B2-4B2F-AD71-4BA447191E95', '06/03/2016', '07:30:00 PM - 8:29:59 PM', '3,4', '06/05/2016', 'N/A', 'N/A', 'N/A', '', '', NULL, NULL, NULL, NULL, NULL, NULL, NULL, NULL, NULL, NULL, NULL, '', 'COMPLETED', '1464959293', '06/05/2016', '', 'N/A'),
(70, '3C4C585F-FC21-430C-AEFE-AAFD2E9A9167', '06/06/2016', '01:30:00 PM - 3:29:59 PM', '3', '06/08/2016', 'N/A', 'N/A', 'N/A', '', '', NULL, NULL, NULL, NULL, NULL, NULL, NULL, NULL, NULL, NULL, NULL, '', 'COMPLETED', '1465193472', '06/08/2016', '', 'N/A'),
(71, 'C041F9EA-C926-4344-BFDA-ABF2E15DFEB9', '06/06/2016', '01:30:00 PM - 3:29:59 PM', '2', '06/08/2016', 'N/A', 'N/A', 'N/A', '', '', NULL, NULL, NULL, NULL, NULL, NULL, NULL, NULL, NULL, NULL, NULL, '', 'COMPLETED', '1465194965', '06/08/2016', '', 'N/A'),
(72, '3C4C585F-FC21-430C-AEFE-AAFD2E9A9167', '06/06/2016', '01:30:00 PM - 3:29:59 PM', '3', '06/08/2016', '676', '345', 'N/A', '', '', NULL, NULL, NULL, NULL, NULL, NULL, NULL, NULL, NULL, NULL, NULL, '', 'COMPLETED', '1465195931', '06/08/2016', '', 'N/A'),
(75, '179988A3-2102-4D08-9C85-492B15A9B564', '06/06/2016', '06:30:00 PM - 7:29:59 PM', '1', '', 'N/A', 'N/A', 'N/A', '', 'Test order\r\n\r\n', NULL, NULL, NULL, NULL, NULL, NULL, NULL, NULL, NULL, NULL, NULL, '', 'COMPLETED', '1465214923', '06/08/2016', '', 'N/A'),
(77, 'CC3929BC-7E0F-49D2-A2E0-00D8710ABC90', '06/07/2016', '11:30:00 AM - 1:29:59 PM', '2', '', '206', 'N/A', 'N/A', '', '', NULL, NULL, NULL, NULL, NULL, NULL, NULL, NULL, NULL, NULL, NULL, '', 'COMPLETED', '1465272860', '06/09/2016', '11:30:00 PM - 1:29:59 PM', 'N/A'),
(83, '3C4C585F-FC21-430C-AEFE-AAFD2E9A9167', '06/09/2016', '03:30:00 PM - 5:29:59 PM', '3', '', 'N/A', 'N/A', 'N/A', '', '', NULL, NULL, NULL, NULL, NULL, NULL, NULL, NULL, NULL, NULL, NULL, '', 'COMPLETED', '1465460913', '06/11/2016', '', 'N/A'),
(85, '1E7BCB39-42DE-4232-B417-2D6043B45B3E', '06/09/2016', '05:30:00 PM - 6:29:59 PM', '', '', 'N/A', 'N/A', 'N/A', '', '', NULL, NULL, NULL, NULL, NULL, NULL, NULL, NULL, NULL, NULL, NULL, '', 'COMPLETED', '1465468569', '06/11/2016', '', 'N/A'),
(86, '1E7BCB39-42DE-4232-B417-2D6043B45B3E', '06/09/2016', '05:30:00 PM - 6:29:59 PM', '1,2,3,4', '', 'N/A', 'N/A', 'N/A', '', '', NULL, NULL, NULL, NULL, NULL, NULL, NULL, NULL, NULL, NULL, NULL, '', 'COMPLETED', '1465468611', '06/11/2016', '', 'N/A'),
(91, 'E8B9072B-23A7-4157-B571-B060FC5561D1', '06/10/2016', '07:30:00 AM - 8:29:59 AM', '2', '', 'N/A', 'N/A', 'N/A', '', '', NULL, NULL, NULL, NULL, NULL, NULL, NULL, NULL, NULL, NULL, NULL, '', 'COMPLETED', '1465525923', '06/12/2016', '', 'N/A'),
(92, 'A09AECAC-1992-417F-AC77-4C263215DF6F', '06/10/2016', '05:30:00 PM - 6:29:59 PM', '2', '', 'N/A', 'N/A', 'N/A', '', '', NULL, NULL, NULL, NULL, NULL, NULL, NULL, NULL, NULL, NULL, NULL, '', 'COMPLETED', '1465530806', '06/12/2016', '', 'N/A'),
(93, 'D8BD4361-E1E5-412B-A895-BD2E5778860C', '06/10/2016', '01:30:00 PM - 3:29:59 PM', '4', '', 'N/A', 'N/A', 'N/A', '', '', NULL, NULL, NULL, NULL, NULL, NULL, NULL, NULL, NULL, NULL, NULL, '', 'COMPLETED', '1465541419', '06/12/2016', '', 'N/A'),
(94, 'C041F9EA-C926-4344-BFDA-ABF2E15DFEB9', '06/10/2016', '06:30:00 PM - 7:29:59 PM', '2', '', 'N/A', 'N/A', 'N/A', '', '', NULL, NULL, NULL, NULL, NULL, NULL, NULL, NULL, NULL, NULL, NULL, '', 'COMPLETED', '1465563618', '06/12/2016', '', 'N/A'),
(95, 'AD46106A-3834-4873-B271-B69862B15E98', '06/11/2016', '09:30:00 AM-10:29:59 AM', '', '', 'N/A', 'N/A', 'N/A', '', 'For dry cleaning ', NULL, NULL, NULL, NULL, NULL, NULL, NULL, NULL, NULL, NULL, NULL, '', 'COMPLETED', '1465613731', '06/13/2016', '', 'N/A'),
(96, '2179FD51-FE3B-45FA-9084-02158B0FF084', '06/12/2016', '01:30:00 PM - 3:29:59 PM', '4', '', 'N/A', 'N/A', 'N/A', '', '', NULL, NULL, NULL, NULL, NULL, NULL, NULL, NULL, NULL, NULL, NULL, '', 'COMPLETED', '1465716161', '06/14/2016', '', 'N/A'),
(97, '901AD18A-CF4E-4BC4-A934-B269C445E74B', '06/12/2016', '05:30:00 PM - 6:29:59 PM', '2', '', 'N/A', 'N/A', 'N/A', '', '', NULL, NULL, NULL, NULL, NULL, NULL, NULL, NULL, NULL, NULL, NULL, '', 'COMPLETED', '1465731384', '06/14/2016', '', 'N/A'),
(98, '8BD334A8-C7B6-408B-9DD4-C4DE72EC667E', '06/12/2016', '07:30:00 PM - 8:29:59 PM', '2', '', 'N/A', 'N/A', 'N/A', '', '', NULL, NULL, NULL, NULL, NULL, NULL, NULL, NULL, NULL, NULL, NULL, '', 'COMPLETED', '1465739546', '06/14/2016', '', 'N/A'),
(101, '901AD18A-CF4E-4BC4-A934-B269C445E74B', '06/14/2016', '11:30:00 AM - 1:29:59 PM', '2', '', 'N/A', 'N/A', 'N/A', '', '', NULL, NULL, NULL, NULL, NULL, NULL, NULL, NULL, NULL, NULL, NULL, '', 'COMPLETED', '1465831558', '06/16/2016', '', 'N/A'),
(102, 'E8B9072B-23A7-4157-B571-B060FC5561D1', '06/14/2016', '07:30:00 AM - 8:29:59 AM', '2', '', 'N/A', 'N/A', 'N/A', '', '', NULL, NULL, NULL, NULL, NULL, NULL, NULL, NULL, NULL, NULL, NULL, '', 'COMPLETED', '1465833281', '06/16/2016', '', 'N/A'),
(103, 'ED69E653-10AC-4217-ABBC-8D6256D38482', '06/16/2016', '09:30:00 AM-10:29:59 AM', '2', '', 'N/A', 'N/A', 'N/A', '', '', NULL, NULL, NULL, NULL, NULL, NULL, NULL, NULL, NULL, NULL, NULL, '', 'COMPLETED', '1466048576', '06/18/2016', '', 'N/A'),
(104, 'CA4E6D71-FA21-4A3D-9ED9-C05A6A291EAE', '06/16/2016', '01:30:00 PM - 3:29:59 PM', '4', '', 'N/A', 'N/A', 'N/A', '', '', NULL, NULL, NULL, NULL, NULL, NULL, NULL, NULL, NULL, NULL, NULL, '', 'COMPLETED', '1466059410', '06/18/2016', '', 'N/A'),
(105, '0FF9FEE0-D700-47B1-84F2-259715753556', '06/16/2016', '', '1,2', '', 'N/A', 'N/A', 'N/A', '', '', '', '', '', '', '', '', '', '', NULL, NULL, NULL, '', 'COMPLETED', '1466102478', '06/18/2016', '', 'N/A'),
(106, 'CA4E6D71-FA21-4A3D-9ED9-C05A6A291EAE', '06/18/2016', '01:30:00 PM - 3:29:59 PM', '3', '', 'N/A', 'N/A', 'N/A', '', '', NULL, NULL, NULL, NULL, NULL, NULL, NULL, NULL, NULL, NULL, NULL, '', 'COMPLETED', '1466230557', '06/20/2016', '01:30:00 PM - 3:29:59 PM', 'N/A'),
(107, 'D8BD4361-E1E5-412B-A895-BD2E5778860C', '06/18/2016', '01:30:00 PM - 3:29:59 PM', '4', '', 'N/A', 'N/A', 'N/A', '', '', NULL, NULL, NULL, NULL, NULL, NULL, NULL, NULL, NULL, NULL, NULL, '', 'COMPLETED', '1466234891', '06/20/2016', '', 'N/A'),
(111, 'E8B9072B-23A7-4157-B571-B060FC5561D1', '06/20/2016', '07:30:00 AM - 8:29:59 AM', '1,2', '', 'N/A', 'N/A', 'N/A', '', '', NULL, NULL, NULL, NULL, NULL, NULL, NULL, NULL, NULL, NULL, NULL, '', 'COMPLETED', '1466350279', '06/22/2016', '', ''),
(114, 'E8B9072B-23A7-4157-B571-B060FC5561D1', '06/20/2016', '07:30:00 AM - 8:29:59 AM', '1,2', '', 'N/A', 'N/A', 'N/A', '', '', NULL, NULL, NULL, NULL, NULL, NULL, NULL, NULL, NULL, NULL, NULL, '', 'COMPLETED', '1466350316', '06/22/2016', '', ''),
(115, 'E8B9072B-23A7-4157-B571-B060FC5561D1', '06/20/2016', '07:30:00 AM - 8:29:59 AM', '1,2', '', 'N/A', 'N/A', 'N/A', '', '', NULL, NULL, NULL, NULL, NULL, NULL, NULL, NULL, NULL, NULL, NULL, '', 'COMPLETED', '1466350382', '06/22/2016', '', ''),
(116, 'E8B9072B-23A7-4157-B571-B060FC5561D1', '06/20/2016', '07:30:00 AM - 8:29:59 AM', '1,2', '', 'N/A', 'N/A', 'N/A', '', '', NULL, NULL, NULL, NULL, NULL, NULL, NULL, NULL, NULL, NULL, NULL, '', 'COMPLETED', '1466353147', '06/22/2016', '', ''),
(119, 'E8B9072B-23A7-4157-B571-B060FC5561D1', '06/20/2016', '09:30:00 AM-10:29:59 AM', '1,2', '', 'N/A', 'N/A', 'N/A', '', '', NULL, NULL, NULL, NULL, NULL, NULL, NULL, NULL, NULL, NULL, NULL, '', 'COMPLETED', '1466391827', '06/22/2016', '', ''),
(140, 'E8B9072B-23A7-4157-B571-B060FC5561D1', '06/24/2016', '07:30:00 AM - 8:29:59 AM', '2', '', 'N/A', 'N/A', 'N/A', '', '', NULL, NULL, NULL, NULL, NULL, NULL, NULL, NULL, NULL, NULL, NULL, '', 'COMPLETED', '1466679875', '06/27/2016', '', ''),
(141, '85C2921C-5695-4237-A06F-B0312E66353B', '06/24/2016', '07:30:00 PM - 8:29:59 PM', '4', '', 'N/A', 'N/A', 'N/A', '', '', NULL, NULL, NULL, NULL, NULL, NULL, NULL, NULL, NULL, NULL, NULL, '', 'COMPLETED', '1466689147', '06/26/2016', '', ''),
(142, '393F7288-20B5-43FE-9116-AACC6581AA22', '06/24/2016', '01:30:00 PM - 3:29:59 PM', '3', '', 'N/A', 'N/A', 'N/A', '', '', NULL, NULL, NULL, NULL, NULL, NULL, NULL, NULL, NULL, NULL, NULL, '', 'COMPLETED', '1466751320', '06/26/2016', '', ''),
(143, '393F7288-20B5-43FE-9116-AACC6581AA22', '06/24/2016', '01:30:00 PM - 3:29:59 PM', '3', '', 'N/A', 'N/A', 'N/A', '', '', NULL, NULL, NULL, NULL, NULL, NULL, NULL, NULL, NULL, NULL, NULL, '', 'COMPLETED', '1466751706', '06/26/2016', '', ''),
(144, '3C4C585F-FC21-430C-AEFE-AAFD2E9A9167', '06/24/2016', '03:30:00 PM - 5:29:59 PM', '1,2,3,4', '', 'N/A', 'N/A', 'N/A', '', 'I want all the money ', NULL, NULL, NULL, NULL, NULL, NULL, NULL, NULL, NULL, NULL, NULL, '', 'COMPLETED', '1466751730', '06/26/2016', '', ''),
(145, '393F7288-20B5-43FE-9116-AACC6581AA22', '06/24/2016', '01:30:00 PM - 3:29:59 PM', '3', '', 'N/A', 'N/A', 'N/A', '', '', NULL, NULL, NULL, NULL, NULL, NULL, NULL, NULL, NULL, NULL, NULL, '', 'COMPLETED', '1466751759', '06/26/2016', '', ''),
(146, '3C4C585F-FC21-430C-AEFE-AAFD2E9A9167', '06/24/2016', '01:30:00 PM - 3:29:59 PM', '2,4', '', 'N/A', 'N/A', 'N/A', 'Nemiraj', 'Anuragg', NULL, NULL, NULL, NULL, NULL, NULL, NULL, NULL, NULL, NULL, NULL, '', 'COMPLETED', '1466751808', '06/26/2016', '01:30:00 PM - 3:29:59 PM', ''),
(148, '19F95873-E61C-4DCE-984E-14331233021E', '06/25/2016', '01:30:00 PM - 3:29:59 PM', '1,2,3,4', '', 'N/A', 'N/A', 'N/A', '', '', NULL, NULL, NULL, NULL, NULL, NULL, NULL, NULL, NULL, NULL, NULL, NULL, 'COMPLETED', '1466840899', '06/27/2016', '07:30:00 PM - 8:29:59 PM', ''),
(149, 'A5AF4CC4-6850-4498-947A-3FB40102AE3A', '06/26/2016', '01:30:00 PM - 3:29:59 PM', '1', '', 'N/A', 'N/A', 'N/A', '', '', NULL, NULL, NULL, NULL, NULL, NULL, NULL, NULL, NULL, NULL, NULL, NULL, 'COMPLETED', '1466925794', '06/28/2016', '', ''),
(150, '0FF9FEE0-D700-47B1-84F2-259715753556', '06/28/2016', '07:30:00 AM - 8:29:59 AM', '1,3', '', 'N/A', 'N/A', 'N/A', '', '', NULL, NULL, NULL, NULL, NULL, NULL, NULL, NULL, NULL, NULL, NULL, NULL, 'COMPLETED', '1467006073', '06/30/2016', '', ''),
(151, '901AD18A-CF4E-4BC4-A934-B269C445E74B', '06/27/2016', '08:30:00 PM - 9:30:59 PM', '2', '', 'N/A', 'N/A', 'N/A', '', '', NULL, NULL, NULL, NULL, NULL, NULL, NULL, NULL, NULL, NULL, NULL, NULL, 'COMPLETED', '1467039540', '06/29/2016', '', ''),
(152, 'E8B9072B-23A7-4157-B571-B060FC5561D1', '06/29/2016', '10:30:00 AM-11:29:59 AM', '2', '', 'N/A', 'N/A', 'N/A', '', '', NULL, NULL, NULL, NULL, NULL, NULL, NULL, NULL, NULL, NULL, NULL, NULL, 'COMPLETED', '1467173437', '07/01/2016', '', ''),
(153, 'A09AECAC-1992-417F-AC77-4C263215DF6F', '06/29/2016', '10:30:00 AM-11:29:59 AM', '2,4', '', 'N/A', 'N/A', 'N/A', '', '', NULL, NULL, NULL, NULL, NULL, NULL, NULL, NULL, NULL, NULL, NULL, NULL, 'COMPLETED', '1467176220', '07/01/2016', '', ''),
(154, 'E82F29E6-86B3-400F-82AC-47B6EA260876', '06/30/2016', '05:30:00 PM - 6:29:59 PM', '4', '', 'N/A', 'N/A', 'N/A', '', '', NULL, NULL, NULL, NULL, NULL, NULL, NULL, NULL, NULL, NULL, NULL, NULL, 'COMPLETED', '1467283773', '07/02/2016', '', ''),
(158, '85C2921C-5695-4237-A06F-B0312E66353B', '07/01/2016', '07:30:00 PM - 8:29:59 PM', '2,4', '', 'N/A', 'N/A', 'N/A', '', '', NULL, NULL, NULL, NULL, NULL, NULL, NULL, NULL, NULL, NULL, NULL, NULL, 'COMPLETED', '1467331325', '07/03/2016', '07:30:00 AM - 8:29:59 AM', ''),
(159, '85C2921C-5695-4237-A06F-B0312E66353B', '07/01/2016', '07:30:00 PM - 8:29:59 PM', '2,4', '', 'N/A', 'N/A', 'N/A', '', '', NULL, NULL, NULL, NULL, NULL, NULL, NULL, NULL, NULL, NULL, NULL, NULL, 'COMPLETED', '1467331498', '07/03/2016', '07:30:00 PM - 8:29:59 PM', ''),
(160, 'AD46106A-3834-4873-B271-B69862B15E98', '07/02/2016', '08:30:00 AM - 9:29:59 AM', '2', '', 'N/A', 'N/A', 'N/A', '', '', NULL, NULL, NULL, NULL, NULL, NULL, NULL, NULL, NULL, NULL, NULL, NULL, 'COMPLETED', '1467427491', '07/04/2016', '08:30:00 AM - 9:29:59 AM', ''),
(161, 'A5AF4CC4-6850-4498-947A-3FB40102AE3A', '07/03/2016', '03:30:00 PM - 5:29:59 PM', '1', '', 'N/A', 'N/A', 'N/A', '', '', NULL, NULL, NULL, NULL, NULL, NULL, NULL, NULL, NULL, NULL, NULL, NULL, 'COMPLETED', '1467534842', '07/05/2016', '08:30:00 PM - 9:30:59 PM', ''),
(162, 'E8B9072B-23A7-4157-B571-B060FC5561D1', '07/05/2016', '08:30:00 AM - 9:29:59 AM', '2', '', 'N/A', 'N/A', 'N/A', '', '', NULL, NULL, NULL, NULL, NULL, NULL, NULL, NULL, NULL, NULL, NULL, NULL, 'COMPLETED', '1467687028', '07/07/2016', '08:30:00 AM - 9:29:59 AM', ''),
(163, '85C2921C-5695-4237-A06F-B0312E66353B', '07/08/2016', '08:30:00 PM - 9:30:59 PM', '4', '', 'N/A', 'N/A', 'N/A', '', 'If you call and come, call after 7:45 PM.', NULL, NULL, NULL, NULL, NULL, NULL, NULL, NULL, NULL, NULL, NULL, NULL, 'COMPLETED', '1467905986', '7/10/2016', '07:30:00 AM - 8:29:59 AM', ''),
(164, 'CA4E6D71-FA21-4A3D-9ED9-C05A6A291EAE', '07/07/2016', '', '3', '', 'N/A', 'N/A', 'N/A', '', 'Kindly schedule a pick up before noon', NULL, NULL, NULL, NULL, NULL, NULL, NULL, NULL, NULL, NULL, NULL, NULL, 'COMPLETED', '1467911068', '07/09/2016', '', ''),
(165, 'CA4E6D71-FA21-4A3D-9ED9-C05A6A291EAE', '07/08/2016', '11:30:00 AM - 1:29:59 PM', '3', '', 'N/A', 'N/A', 'N/A', '', '', NULL, NULL, NULL, NULL, NULL, NULL, NULL, NULL, NULL, NULL, NULL, NULL, 'COMPLETED', '1467956900', '07/10/2016', '08:30:00 PM - 9:30:59 PM', ''),
(169, '1E7BCB39-42DE-4232-B417-2D6043B45B3E', '07/10/2016', '07:30:00 PM - 8:29:59 PM', '3', '', 'N/A', 'N/A', 'N/A', '', '', NULL, NULL, NULL, NULL, NULL, NULL, NULL, NULL, NULL, NULL, NULL, NULL, 'COMPLETED', '1468155994', '07/12/2016', '07:30:00 PM - 8:29:59 PM', ''),
(170, '1E7BCB39-42DE-4232-B417-2D6043B45B3E', '07/10/2016', '07:30:00 PM - 8:29:59 PM', '3', '', 'N/A', 'N/A', 'N/A', '', '', NULL, NULL, NULL, NULL, NULL, NULL, NULL, NULL, NULL, NULL, NULL, NULL, 'COMPLETED', '1468156014', '07/12/2016', '07:30:00 PM - 8:29:59 PM', ''),
(171, 'CA4E6D71-FA21-4A3D-9ED9-C05A6A291EAE', '07/10/2016', '08:30:00 PM - 9:30:59 PM', '2', '', 'N/A', 'N/A', 'N/A', '', '', NULL, NULL, NULL, NULL, NULL, NULL, NULL, NULL, NULL, NULL, NULL, NULL, 'COMPLETED', '1468161472', '07/12/2016', '08:30:00 PM - 9:30:59 PM', ''),
(172, 'FA6301EC-F5A8-4772-99B2-F079BFCD66F7', '07/11/2016', '11:30:00 AM - 1:29:59 PM', '2', '', 'N/A', 'N/A', 'N/A', '', '', NULL, NULL, NULL, NULL, NULL, NULL, NULL, NULL, NULL, NULL, NULL, NULL, 'COMPLETED', '1468215340', '07/12/2016', '06:30:00 PM - 7:29:59 PM', ''),
(173, 'AAD19B02-61E7-4F18-87D2-CECE72A4109B', '07/13/2016', '07:30:00 AM - 8:29:59 AM', '1', '', 'N/A', 'N/A', 'N/A', '', '', NULL, NULL, NULL, NULL, NULL, NULL, NULL, NULL, NULL, NULL, NULL, NULL, 'COMPLETED', '1468299539', '7/15/2016', '07:30:00 AM - 8:29:59 AM', ''),
(174, 'A5AF4CC4-6850-4498-947A-3FB40102AE3A', '07/13/2016', '08:30:00 PM - 9:30:59 PM', '1,3', '', 'N/A', 'N/A', 'N/A', '', '', NULL, NULL, NULL, NULL, NULL, NULL, NULL, NULL, NULL, NULL, NULL, NULL, 'COMPLETED', '1468343400', '7/15/2016', '08:30:00 PM - 9:30:59 PM', ''),
(175, '', '', '', '', '', 'N/A', 'N/A', 'N/A', '', '', NULL, NULL, NULL, NULL, NULL, NULL, NULL, NULL, NULL, NULL, NULL, NULL, 'COMPLETED', '1468356208', '', '', ''),
(176, '85C2921C-5695-4237-A06F-B0312E66353B', '07/15/2016', '08:30:00 PM - 9:30:59 PM', '2,4', '', 'N/A', 'N/A', 'N/A', '', '', NULL, NULL, NULL, NULL, NULL, NULL, NULL, NULL, NULL, NULL, NULL, NULL, 'COMPLETED', '1468513145', '7/17/2016', '07:30:00 AM - 8:29:59 AM', ''),
(177, 'E2BA2747-8180-45EA-88FD-819BD5D340EC', '07/15/2016', '03:30:00 PM - 5:29:59 PM', '2,3,4', '', 'N/A', 'N/A', 'N/A', '', '', NULL, NULL, NULL, NULL, NULL, NULL, NULL, NULL, NULL, NULL, NULL, NULL, 'COMPLETED', '1468563255', '07/17/2016', '05:30:00 PM - 6:29:59 PM', ''),
(178, 'CC3929BC-7E0F-49D2-A2E0-00D8710ABC90', '07/16/2016', '10:30:00 AM - 11:29:59 AM', '2', '', 'N/A', 'N/A', 'N/A', '', '', NULL, NULL, NULL, NULL, NULL, NULL, NULL, NULL, NULL, NULL, NULL, NULL, 'COMPLETED', '1468586377', '7/18/2016', '10:30:00 AM - 11:29:59 AM', ''),
(179, 'CA4E6D71-FA21-4A3D-9ED9-C05A6A291EAE', '07/15/2016', '', '2', '', 'N/A', 'N/A', 'N/A', '', 'Hello can you come after lunch around 3pm', NULL, NULL, NULL, NULL, NULL, NULL, NULL, NULL, NULL, NULL, NULL, NULL, 'COMPLETED', '1468597171', '07/17/2016', '', ''),
(180, '901AD18A-CF4E-4BC4-A934-B269C445E74B', '07/16/2016', '01:30:00 PM - 3:29:59 PM', '2', '', 'N/A', 'N/A', 'N/A', '', '', NULL, NULL, NULL, NULL, NULL, NULL, NULL, NULL, NULL, NULL, NULL, NULL, 'COMPLETED', '1468654088', '07/18/2016', '01:30:00 PM - 3:29:59 PM', ''),
(181, 'CA4E6D71-FA21-4A3D-9ED9-C05A6A291EAE', '07/18/2016', '09:30:00 AM-10:29:59 AM', '1', '', 'N/A', 'N/A', 'N/A', '', '', NULL, NULL, NULL, NULL, NULL, NULL, NULL, NULL, NULL, NULL, NULL, NULL, 'COMPLETED', '1468813013', '07/20/2016', '09:30:00 AM-10:29:59 AM', ''),
(182, 'AAD19B02-61E7-4F18-87D2-CECE72A4109B', '07/21/2016', '07:30:00 AM - 8:29:59 AM', '1', '', 'N/A', 'N/A', 'N/A', '', '', NULL, NULL, NULL, NULL, NULL, NULL, NULL, NULL, NULL, NULL, NULL, NULL, 'COMPLETED', '1469004082', '7/23/2016', '07:30:00 AM - 8:29:59 AM', ''),
(183, 'CA4E6D71-FA21-4A3D-9ED9-C05A6A291EAE', '07/21/2016', '09:30:00 AM-10:29:59 AM', '2', '', 'N/A', 'N/A', 'N/A', '', '', NULL, NULL, NULL, NULL, NULL, NULL, NULL, NULL, NULL, NULL, NULL, NULL, 'COMPLETED', '1469072709', '07/23/2016', '09:30:00 AM-10:29:59 AM', ''),
(184, 'CA4E6D71-FA21-4A3D-9ED9-C05A6A291EAE', '07/21/2016', '09:30:00 AM-10:29:59 AM', '2', '', 'N/A', 'N/A', 'N/A', '', '', NULL, NULL, NULL, NULL, NULL, NULL, NULL, NULL, NULL, NULL, NULL, NULL, 'COMPLETED', '1469072722', '07/23/2016', '09:30:00 AM-10:29:59 AM', ''),
(185, 'CA4E6D71-FA21-4A3D-9ED9-C05A6A291EAE', '07/21/2016', '09:30:00 AM-10:29:59 AM', '2', '', 'N/A', 'N/A', 'N/A', '', '', NULL, NULL, NULL, NULL, NULL, NULL, NULL, NULL, NULL, NULL, NULL, NULL, 'COMPLETED', '1469072734', '07/23/2016', '09:30:00 AM-10:29:59 AM', ''),
(186, '8CC5FCA4-AA1A-43A5-9E5D-BF4B55C38738', '07/21/2016', '06:30:00 PM - 7:29:59 PM', '4', '', 'N/A', 'N/A', 'N/A', '', 'SPORTS SHOES DRY CLEANING ', NULL, NULL, NULL, NULL, NULL, NULL, NULL, NULL, NULL, NULL, NULL, NULL, 'COMPLETED', '1469078950', '7/23/2016', '07:30:00 AM - 8:29:59 AM', ''),
(187, '8CC5FCA4-AA1A-43A5-9E5D-BF4B55C38738', '', '', '', '', 'N/A', 'N/A', 'N/A', '', '', NULL, NULL, NULL, NULL, NULL, NULL, NULL, NULL, NULL, NULL, NULL, NULL, 'COMPLETED', '1469078959', '', '', ''),
(188, '8CC5FCA4-AA1A-43A5-9E5D-BF4B55C38738', '07/21/2016', '06:30:00 PM - 7:29:59 PM', '4', '', 'N/A', 'N/A', 'N/A', '', 'SPORTS SHOES DRYCLEAN ', NULL, NULL, NULL, NULL, NULL, NULL, NULL, NULL, NULL, NULL, NULL, NULL, 'COMPLETED', '1469078999', '07/23/2016', '11:30:00 AM - 1:29:59 PM', ''),
(189, '8CC5FCA4-AA1A-43A5-9E5D-BF4B55C38738', '07/21/2016', '06:30:00 PM - 7:29:59 PM', '4', '', 'N/A', 'N/A', 'N/A', '', '', NULL, NULL, NULL, NULL, NULL, NULL, NULL, NULL, NULL, NULL, NULL, NULL, 'COMPLETED', '1469083151', '07/23/2016', '06:30:00 PM - 7:29:59 PM', ''),
(190, '8CC5FCA4-AA1A-43A5-9E5D-BF4B55C38738', '07/21/2016', '06:30:00 PM - 7:29:59 PM', '4', '', 'N/A', 'N/A', 'N/A', '', 'SPORTS SHOES DRYCLEAN ', NULL, NULL, NULL, NULL, NULL, NULL, NULL, NULL, NULL, NULL, NULL, NULL, 'COMPLETED', '1469083299', '07/23/2016', '06:30:00 PM - 7:29:59 PM', ''),
(191, '908BFA32-1BF2-41BE-AEC3-7592F71D12A4', '07/21/2016', '03:30:00 PM - 5:29:59 PM', '2', '', 'N/A', 'N/A', 'N/A', '', '', NULL, NULL, NULL, NULL, NULL, NULL, NULL, NULL, NULL, NULL, NULL, NULL, 'COMPLETED', '1469090519', '07/22/2016', '06:30:00 PM - 7:29:59 PM', ''),
(192, '908BFA32-1BF2-41BE-AEC3-7592F71D12A4', '07/21/2016', '03:30:00 PM - 5:29:59 PM', '2', '', 'N/A', 'N/A', 'N/A', '', '', NULL, NULL, NULL, NULL, NULL, NULL, NULL, NULL, NULL, NULL, NULL, NULL, 'COMPLETED', '1469090554', '07/22/2016', '06:30:00 PM - 7:29:59 PM', ''),
(193, '85C2921C-5695-4237-A06F-B0312E66353B', '07/22/2016', '07:30:00 PM - 8:29:59 PM', '2,4', '', 'N/A', 'N/A', 'N/A', '', '', NULL, NULL, NULL, NULL, NULL, NULL, NULL, NULL, NULL, NULL, NULL, NULL, 'COMPLETED', '1469109720', '7/24/2016', '07:30:00 AM - 8:29:59 AM', ''),
(194, 'E8B9072B-23A7-4157-B571-B060FC5561D1', '07/23/2016', '07:30:00 AM - 8:29:59 AM', '2', '', 'N/A', 'N/A', 'N/A', '', '', NULL, NULL, NULL, NULL, NULL, NULL, NULL, NULL, NULL, NULL, NULL, NULL, 'COMPLETED', '1469159361', '07/25/2016', '07:30:00 AM - 8:29:59 AM', ''),
(195, '', '', '', '', '', 'N/A', 'N/A', 'N/A', '', '', NULL, NULL, NULL, NULL, NULL, NULL, NULL, NULL, NULL, NULL, NULL, NULL, 'COMPLETED', '1469159369', '', '', ''),
(196, '', '', '', '', '', 'N/A', 'N/A', 'N/A', '', '', NULL, NULL, NULL, NULL, NULL, NULL, NULL, NULL, NULL, NULL, NULL, NULL, 'COMPLETED', '1469159372', '', '', ''),
(197, 'E8B9072B-23A7-4157-B571-B060FC5561D1', '07/23/2016', '07:30:00 AM - 8:29:59 AM', '2', '', 'N/A', 'N/A', 'N/A', '', '', NULL, NULL, NULL, NULL, NULL, NULL, NULL, NULL, NULL, NULL, NULL, NULL, 'COMPLETED', '1469159429', '07/25/2016', '07:30:00 AM - 8:29:59 AM', ''),
(198, 'E8B9072B-23A7-4157-B571-B060FC5561D1', '07/22/2016', '09:30:00 AM-10:29:59 AM', '2', '', 'N/A', 'N/A', 'N/A', '', '', NULL, NULL, NULL, NULL, NULL, NULL, NULL, NULL, NULL, NULL, NULL, NULL, 'COMPLETED', '1469159728', '07/25/2016', '09:30:00 AM-10:29:59 AM', ''),
(199, 'DE0B055B-FFE4-46C4-BFE7-74889682C288', '07/26/2016', '09:30:00 AM-10:29:59 AM', '4', '', 'N/A', 'N/A', 'N/A', '', '', NULL, NULL, NULL, NULL, NULL, NULL, NULL, NULL, NULL, NULL, NULL, NULL, 'COMPLETED', '1469499658', '07/28/2016', '10:30:00 AM - 10:29:59 AM', ''),
(200, '', '', '', '', '', 'N/A', 'N/A', 'N/A', '', '', NULL, NULL, NULL, NULL, NULL, NULL, NULL, NULL, NULL, NULL, NULL, NULL, 'COMPLETED', '1469499663', '', '', ''),
(201, 'CA4E6D71-FA21-4A3D-9ED9-C05A6A291EAE', '07/26/2016', '01:30:00 PM - 3:29:59 PM', '1', '', 'N/A', 'N/A', 'N/A', '', '', NULL, NULL, NULL, NULL, NULL, NULL, NULL, NULL, NULL, NULL, NULL, NULL, 'COMPLETED', '1469519849', '07/28/2016', '01:30:00 PM - 3:29:59 PM', ''),
(202, 'CA4E6D71-FA21-4A3D-9ED9-C05A6A291EAE', '07/26/2016', '01:30:00 PM - 3:29:59 PM', '1', '', 'N/A', 'N/A', 'N/A', '', '', NULL, NULL, NULL, NULL, NULL, NULL, NULL, NULL, NULL, NULL, NULL, NULL, 'COMPLETED', '1469519862', '07/28/2016', '01:30:00 PM - 3:29:59 PM', ''),
(204, 'E8B9072B-23A7-4157-B571-B060FC5561D1', '07/29/2016', '07:30:00 AM - 8:29:59 AM', '2', '', 'N/A', 'N/A', 'N/A', '', '', NULL, NULL, NULL, NULL, NULL, NULL, NULL, NULL, NULL, NULL, NULL, NULL, 'PROCESSING', '1469756296', '07/31/2016', '06:30:00 PM - 7:29:59 PM', ''),
(205, '85C2921C-5695-4237-A06F-B0312E66353B', '07/29/2016', '08:30:00 PM - 9:30:59 PM', '2,4', '', 'N/A', 'N/A', 'N/A', '', '', NULL, NULL, NULL, NULL, NULL, NULL, NULL, NULL, NULL, NULL, NULL, NULL, 'PROCESSING', '1469756711', '07/31/2016', '07:30:00 AM - 8:29:59 AM', ''),
(206, '85C2921C-5695-4237-A06F-B0312E66353B', '07/29/2016', '08:30:00 PM - 9:30:59 PM', '2,4', '', 'N/A', 'N/A', 'N/A', '', '', NULL, NULL, NULL, NULL, NULL, NULL, NULL, NULL, NULL, NULL, NULL, NULL, 'PROCESSING', '1469756733', '07/31/2016', '07:30:00 AM - 8:29:59 AM', ''),
(207, 'E8B9072B-23A7-4157-B571-B060FC5561D1', '07/29/2016', '07:30:00 AM - 8:29:59 AM', '2', '', 'N/A', 'N/A', 'N/A', '', '', NULL, NULL, NULL, NULL, NULL, NULL, NULL, NULL, NULL, NULL, NULL, NULL, 'PROCESSING', '1469756740', '07/31/2016', '07:30:00 PM - 8:29:59 PM', ''),
(208, '85C2921C-5695-4237-A06F-B0312E66353B', '07/29/2016', '08:30:00 PM - 9:30:59 PM', '2,4', '', 'N/A', 'N/A', 'N/A', '', '', NULL, NULL, NULL, NULL, NULL, NULL, NULL, NULL, NULL, NULL, NULL, NULL, 'PROCESSING', '1469756766', '07/31/2016', '07:30:00 AM - 8:29:59 AM', ''),
(210, '0ADB76EB-81F0-43E7-865A-C60E9CEE4A21', '07/31/2016', '01:30:00 PM - 3:29:59 PM', '2', '', 'N/A', 'N/A', 'N/A', '', '', NULL, NULL, NULL, NULL, NULL, NULL, NULL, NULL, NULL, NULL, NULL, NULL, 'ORDER CONFIRMED', '1469947066', '08/02/2016', '01:30:00 PM - 3:29:59 PM', ''),
(211, '0ADB76EB-81F0-43E7-865A-C60E9CEE4A21', '07/31/2016', '01:30:00 PM - 3:29:59 PM', '', '', 'N/A', 'N/A', 'N/A', '', '', NULL, NULL, NULL, NULL, NULL, NULL, NULL, NULL, NULL, NULL, NULL, NULL, 'ORDER CONFIRMED', '1469947217', '08/01/2016', '01:30:00 PM - 3:29:59 PM', ''),
(215, 'E36C36FB-06E7-48B6-8BF9-1F172B1D9637', '08/03/2016', '10:30:00 AM-11:29:59 AM', '2', '', 'N/A', 'N/A', 'N/A', '', '', NULL, NULL, NULL, NULL, NULL, NULL, NULL, NULL, NULL, NULL, NULL, NULL, 'ORDER CONFIRMED', '1470195817', '08/05/2016', '09:30:00 AM-10:29:59 AM', ''),
(216, '9FF531CF-30F5-4F44-AA2E-BE78BEF612FB', '08/03/2016', '03:30:00 PM - 5:29:59 PM', '4', '', 'N/A', 'N/A', 'N/A', '', '', NULL, NULL, NULL, NULL, NULL, NULL, NULL, NULL, NULL, NULL, NULL, NULL, 'COMPLETED', '1470216879', '08/05/2016', '03:30:00 PM - 5:29:59 PM', ''),
(221, '9FF531CF-30F5-4F44-AA2E-BE78BEF612FB', '08/03/2016', '03:30:00 PM - 5:29:59 PM', '3', '', 'N/A', 'N/A', 'N/A', '', '', NULL, NULL, NULL, NULL, NULL, NULL, NULL, NULL, NULL, NULL, NULL, NULL, 'COMPLETED', '1470217821', '08/05/2016', '03:30:00 PM - 5:29:59 PM', ''),
(222, '3ED63C09-48CC-4FB2-A246-CF29317A401D', '08/04/2016', '07:30:00 AM - 8:29:59 AM', '3', '', 'N/A', 'N/A', 'N/A', '', '', NULL, NULL, NULL, NULL, NULL, NULL, NULL, NULL, NULL, NULL, NULL, NULL, 'ORDER CONFIRMED', '1470217983', '8/6/2016', '07:30:00 AM - 8:29:59 AM', ''),
(223, 'CA4E6D71-FA21-4A3D-9ED9-C05A6A291EAE', '08/04/2016', '09:30:00 AM-10:29:59 AM', '1', '', 'N/A', 'N/A', 'N/A', '', '', NULL, NULL, NULL, NULL, NULL, NULL, NULL, NULL, NULL, NULL, NULL, NULL, 'ORDER CONFIRMED', '1470249785', '08/06/2016', '07:30:00 AM - 8:29:59 AM', ''),
(224, '3ED63C09-48CC-4FB2-A246-CF29317A401D', '08/04/2016', '09:30:00 AM-10:29:59 AM', '1', '', 'N/A', 'N/A', 'N/A', '', '', NULL, NULL, NULL, NULL, NULL, NULL, NULL, NULL, NULL, NULL, NULL, NULL, 'ORDER CONFIRMED', '1470278283', '8/6/2016', '07:30:00 AM - 8:29:59 AM', ''),
(225, 'E8B9072B-23A7-4157-B571-B060FC5561D1', '08/05/2016', '07:30:00 AM - 8:29:59 AM', '2', '', 'N/A', 'N/A', 'N/A', '', '', NULL, NULL, NULL, NULL, NULL, NULL, NULL, NULL, NULL, NULL, NULL, NULL, 'ORDER CONFIRMED', '1470281393', '08/07/2016', '07:30:00 PM - 8:29:59 PM', ''),
(226, '9FF531CF-30F5-4F44-AA2E-BE78BEF612FB', '09/02/2016', '07:30:00 AM - 8:29:59 AM', '3,4', '', 'N/A', 'N/A', 'N/A', '', '', NULL, NULL, NULL, NULL, NULL, NULL, NULL, NULL, NULL, NULL, NULL, NULL, 'COMPLETED', '1470288467', '9/4/2016', '07:30:00 AM - 8:29:59 AM', ''),
(227, 'A5AF4CC4-6850-4498-947A-3FB40102AE3A', '08/05/2016', '09:30:00 AM - 10:29:59 AM', '1', '', 'N/A', 'N/A', 'N/A', '', '', NULL, NULL, NULL, NULL, NULL, NULL, NULL, NULL, NULL, NULL, NULL, NULL, 'ORDER CONFIRMED', '1470325249', '8/7/2016', '07:30:00 PM - 8:29:59 PM', ''),
(228, '85C2921C-5695-4237-A06F-B0312E66353B', '08/05/2016', '08:30:00 PM - 9:30:59 PM', '4', '', 'N/A', 'N/A', 'N/A', '', '', NULL, NULL, NULL, NULL, NULL, NULL, NULL, NULL, NULL, NULL, NULL, NULL, 'ORDER CONFIRMED', '1470326884', '8/7/2016', '08:30:00 PM - 9:30:59 PM', ''),
(229, '9FF531CF-30F5-4F44-AA2E-BE78BEF612FB', '08/16/2016', '07:30:00 AM - 8:29:59 AM', '3,4', '', 'N/A', 'N/A', 'N/A', '', '', NULL, NULL, NULL, NULL, NULL, NULL, NULL, NULL, NULL, NULL, NULL, NULL, 'ORDER CONFIRMED', '1470376377', '8/18/2016', '07:30:00 AM - 8:29:59 AM', ''),
(230, '908BFA32-1BF2-41BE-AEC3-7592F71D12A4', '08/07/2016', '01:30:00 PM - 3:29:59 PM', '2', '', 'N/A', 'N/A', 'N/A', '', '', NULL, NULL, NULL, NULL, NULL, NULL, NULL, NULL, NULL, NULL, NULL, NULL, 'ORDER CONFIRMED', '1470551705', '8/9/2016', '07:30:00 AM - 8:29:59 AM', ''),
(231, '', '08/07/2016', '05:30:00 PM - 6:29:59 PM', '2', '', 'N/A', 'N/A', 'N/A', '', '', NULL, NULL, NULL, NULL, NULL, NULL, NULL, NULL, NULL, NULL, NULL, NULL, 'ORDER CONFIRMED', '1470570280', '08/09/2016', '08:30:00 PM - 9:30:59 PM', ''),
(232, '4C71AD28-F390-4585-9CCC-3BCB0B06AE94', '08/07/2016', '05:30:00 PM - 6:29:59 PM', '2', '', 'N/A', 'N/A', 'N/A', '', '', NULL, NULL, NULL, NULL, NULL, NULL, NULL, NULL, NULL, NULL, NULL, NULL, 'ORDER CONFIRMED', '1470570342', '08/09/2016', '08:30:00 PM - 9:30:59 PM', ''),
(233, '3ED63C09-48CC-4FB2-A246-CF29317A401D', '08/09/2016', '07:30:00 AM - 8:29:59 AM', '1', '', 'N/A', 'N/A', 'N/A', '', '', NULL, NULL, NULL, NULL, NULL, NULL, NULL, NULL, NULL, NULL, NULL, NULL, 'ORDER CONFIRMED', '1470669128', '8/11/2016', '07:30:00 AM - 8:29:59 AM', ''),
(234, 'E8B9072B-23A7-4157-B571-B060FC5561D1', '08/09/2016', '08:30:00 AM - 9:29:59 AM', '2', '', 'N/A', 'N/A', 'N/A', '', '', NULL, NULL, NULL, NULL, NULL, NULL, NULL, NULL, NULL, NULL, NULL, NULL, 'ORDER CONFIRMED', '1470708111', '08/12/2016', '08:30:00 AM - 9:29:59 AM', ''),
(235, 'B7BCE541-92C7-43D0-A9F5-0357769B7C00', '08/09/2016', '05:30:00 PM - 6:29:59 PM', '3', '', 'N/A', 'N/A', 'N/A', '', '', NULL, NULL, NULL, NULL, NULL, NULL, NULL, NULL, NULL, NULL, NULL, NULL, 'ORDER CONFIRMED', '1470743303', '08/11/2016', '05:30:00 PM - 6:29:59 PM', ''),
(236, 'BC77491D-3E97-417E-9917-AE0F0C0D53F3', '08/09/2016', '07:30:00 PM - 8:29:59 PM', '2', '', 'N/A', 'N/A', 'N/A', '', '', NULL, NULL, NULL, NULL, NULL, NULL, NULL, NULL, NULL, NULL, NULL, NULL, 'ORDER CONFIRMED', '1470750649', '08/11/2016', '07:30:00 PM - 8:29:59 PM', ''),
(237, '85C2921C-5695-4237-A06F-B0312E66353B', '08/12/2016', '06:30:00 PM - 7:29:59 PM', '2,4', '', 'N/A', 'N/A', 'N/A', '', '', NULL, NULL, NULL, NULL, NULL, NULL, NULL, NULL, NULL, NULL, NULL, NULL, 'ORDER CONFIRMED', '1470987521', '8/14/2016', '06:30:00 PM - 7:29:59 PM', ''),
(238, 'B0B04973-A3BC-47A9-AFFB-AAA942C5B493', '08/15/2016', '05:30:00 PM - 6:29:59 PM', '2', '', 'N/A', 'N/A', 'N/A', '', '', NULL, NULL, NULL, NULL, NULL, NULL, NULL, NULL, NULL, NULL, NULL, NULL, 'ORDER CONFIRMED', '1471261435', '08/17/2016', '05:30:00 PM - 6:29:59 PM', ''),
(239, '4C71AD28-F390-4585-9CCC-3BCB0B06AE94', '08/17/2016', '01:30:00 PM - 3:29:59 PM', '2', '', 'N/A', 'N/A', 'N/A', '', '', NULL, NULL, NULL, NULL, NULL, NULL, NULL, NULL, NULL, NULL, NULL, NULL, 'ORDER CONFIRMED', '1471418279', '08/19/2016', '01:30:00 PM - 3:29:59 PM', ''),
(240, '0ADB76EB-81F0-43E7-865A-C60E9CEE4A21', '08/17/2016', '01:30:00 PM - 3:29:59 PM', '2', '', 'N/A', 'N/A', 'N/A', '', '', NULL, NULL, NULL, NULL, NULL, NULL, NULL, NULL, NULL, NULL, NULL, NULL, 'ORDER CONFIRMED', '1471420244', '08/19/2016', '01:30:00 PM - 3:29:59 PM', ''),
(241, 'E8B9072B-23A7-4157-B571-B060FC5561D1', '08/18/2016', '08:30:00 AM - 9:29:59 AM', '2', '', 'N/A', 'N/A', 'N/A', '', '', NULL, NULL, NULL, NULL, NULL, NULL, NULL, NULL, NULL, NULL, NULL, NULL, 'ORDER CONFIRMED', '1471485042', '08/20/2016', '08:30:00 AM - 9:29:59 AM', ''),
(242, '8CB6DB7F-7B16-4AE2-AD1F-3CF9C1A3DE7F', '08/18/2016', '06:30:00 PM - 7:29:59 PM', '2', '', 'N/A', 'N/A', 'N/A', '', '', NULL, NULL, NULL, NULL, NULL, NULL, NULL, NULL, NULL, NULL, NULL, NULL, 'ORDER CONFIRMED', '1471499854', '08/20/2016', '06:30:00 PM - 7:29:59 PM', ''),
(243, '85C2921C-5695-4237-A06F-B0312E66353B', '08/19/2016', '07:30:00 PM - 8:29:59 PM', '2,4', '', 'N/A', 'N/A', 'N/A', '', '', NULL, NULL, NULL, NULL, NULL, NULL, NULL, NULL, NULL, NULL, NULL, NULL, 'ORDER CONFIRMED', '1471530854', '8/21/2016', '07:30:00 PM - 8:29:59 PM', ''),
(244, '908BFA32-1BF2-41BE-AEC3-7592F71D12A4', '08/19/2016', '08:30:00 AM - 9:29:59 AM', '2', '', 'N/A', 'N/A', 'N/A', '', '', NULL, NULL, NULL, NULL, NULL, NULL, NULL, NULL, NULL, NULL, NULL, NULL, 'ORDER CONFIRMED', '1471573265', '08/20/2016', '08:30:00 PM - 9:30:59 PM', ''),
(245, 'DF5B572C-7FF0-4899-A56D-4CA9D95AAB4D', '08/19/2016', '09:30:00 AM-10:29:59 AM', '2', '', 'N/A', 'N/A', 'N/A', '', '', NULL, NULL, NULL, NULL, NULL, NULL, NULL, NULL, NULL, NULL, NULL, NULL, 'ORDER CONFIRMED', '1471578441', '08/21/2016', '09:30:00 AM-10:29:59 AM', ''),
(246, 'E2BA2747-8180-45EA-88FD-819BD5D340EC', '08/20/2016', '10:30:00 AM - 11:29:59 AM', '3', '', 'N/A', 'N/A', 'N/A', '', '', NULL, NULL, NULL, NULL, NULL, NULL, NULL, NULL, NULL, NULL, NULL, NULL, 'ORDER CONFIRMED', '1471625017', '8/22/2016', '10:30:00 AM - 11:29:59 AM', ''),
(247, 'D6280C61-FE34-4F6C-9A86-1973CD66513D', '08/20/2016', '08:30:00 AM - 9:29:59 AM', '4', '', 'N/A', 'N/A', 'N/A', 'WE HAVE BEEN USED TO GELATIN STARCH ON OUR CLOTHES AND WE WOULD BE HAPPY TO SEE GOOD RESULTS AT YOUR END TOO', '', NULL, NULL, NULL, NULL, NULL, NULL, NULL, NULL, NULL, NULL, NULL, NULL, 'ORDER CONFIRMED', '1471658359', '08/22/2016', '08:30:00 AM - 9:29:59 AM', '50% OFF ON 750 ABOVE INVOICE AMOUNT'),
(248, '68D8E395-108F-4F16-B7C7-1C72C6D8E7C4', '08/20/2016', '03:30:00 PM - 5:29:59 PM', '2', '', 'N/A', 'N/A', 'N/A', '', '', NULL, NULL, NULL, NULL, NULL, NULL, NULL, NULL, NULL, NULL, NULL, NULL, 'ORDER CONFIRMED', '1471683108', '08/21/2016', '03:30:00 PM - 5:29:59 PM', ''),
(249, 'E8B9072B-23A7-4157-B571-B060FC5561D1', '08/22/2016', '07:30:00 AM - 8:29:59 AM', '2', '', 'N/A', 'N/A', 'N/A', '', '', NULL, NULL, NULL, NULL, NULL, NULL, NULL, NULL, NULL, NULL, NULL, NULL, 'ORDER CONFIRMED', '1471749795', '08/24/2016', '07:30:00 AM - 8:29:59 AM', ''),
(250, '3FAFCA8B-D6E9-4995-B46B-18732AEE8DC0', '08/21/2016', '01:30:00 PM - 3:29:59 PM', '1', '', 'N/A', 'N/A', 'N/A', '', '', NULL, NULL, NULL, NULL, NULL, NULL, NULL, NULL, NULL, NULL, NULL, NULL, 'ORDER CONFIRMED', '1471764293', '08/23/2016', '08:30:00 PM - 9:30:59 PM', ''),
(251, 'A0A374E1-B9E9-4773-8F89-E8927464E31A', '08/22/2016', '09:30:00 AM - 10:29:59 AM', '2,4', '', 'N/A', 'N/A', 'N/A', '', 'Please take special care with office shirts and dark trousers.', NULL, NULL, NULL, NULL, NULL, NULL, NULL, NULL, NULL, NULL, NULL, NULL, 'ORDER CONFIRMED', '1471766567', '08/24/2016', '07:30:00 AM - 8:29:59 AM', ''),
(252, '159E7CF4-25C2-4B06-9A8F-C8F0EFE41190', '08/24/2016', '05:30:00 PM - 6:29:59 PM', '3', '', 'N/A', 'N/A', 'N/A', '', 'Rafu karte ho ?? Jaldi aana', NULL, NULL, NULL, NULL, NULL, NULL, NULL, NULL, NULL, NULL, NULL, NULL, 'ORDER CONFIRMED', '1471966303', '8/26/2016', '05:30:00 PM - 6:29:59 PM', ''),
(253, '159E7CF4-25C2-4B06-9A8F-C8F0EFE41190', '08/24/2016', '05:30:00 PM - 6:29:59 PM', '3', '', 'N/A', 'N/A', 'N/A', '', 'Rafu karte ho ?? Jaldi aana', NULL, NULL, NULL, NULL, NULL, NULL, NULL, NULL, NULL, NULL, NULL, NULL, 'ORDER CONFIRMED', '1471966306', '8/26/2016', '05:30:00 PM - 6:29:59 PM', ''),
(254, '7B68BCCB-A458-462F-B227-F96276618239', '08/25/2016', '07:30:00 PM - 8:29:59 PM', '1,2,3', '', 'N/A', 'N/A', 'N/A', '', '', NULL, NULL, NULL, NULL, NULL, NULL, NULL, NULL, NULL, NULL, NULL, NULL, 'ORDER CONFIRMED', '1472132342', '08/27/2016', '07:30:00 PM - 8:29:59 PM', ''),
(255, 'E8B9072B-23A7-4157-B571-B060FC5561D1', '08/29/2016', '07:30:00 AM - 8:29:59 AM', '2', '', 'N/A', 'N/A', 'N/A', '', '', NULL, NULL, NULL, NULL, NULL, NULL, NULL, NULL, NULL, NULL, NULL, NULL, 'ORDER CONFIRMED', '1472349182', '08/31/2016', '07:30:00 AM - 8:29:59 AM', ''),
(256, '4C71AD28-F390-4585-9CCC-3BCB0B06AE94', '08/28/2016', '01:30:00 PM - 3:29:59 PM', '2', '', 'N/A', 'N/A', 'N/A', '', '', NULL, NULL, NULL, NULL, NULL, NULL, NULL, NULL, NULL, NULL, NULL, NULL, 'ORDER CONFIRMED', '1472365896', '08/30/2016', '08:30:00 PM - 9:30:59 PM', ''),
(257, '902B31DB-7ABF-4808-BA7B-D07B1044391E', '08/29/2016', '10:30:00 AM - 11:29:59 AM', '1,2', '', 'N/A', 'N/A', 'N/A', '', '', NULL, NULL, NULL, NULL, NULL, NULL, NULL, NULL, NULL, NULL, NULL, NULL, 'ORDER CONFIRMED', '1472379480', '8/31/2016', '10:30:00 AM - 11:29:59 AM', ''),
(258, '0ADB76EB-81F0-43E7-865A-C60E9CEE4A21', '08/29/2016', '09:30:00 AM-10:29:59 AM', '2', '', 'N/A', 'N/A', 'N/A', '', '', '', '', '25', '0', '', '', '', '', '', '', 'Your Subscription is over. Kindly renew.', '', 'ORDER CONFIRMED', '1472442207', '08/31/2016', '09:30:00 AM-10:29:59 AM', ''),
(259, '908BFA32-1BF2-41BE-AEC3-7592F71D12A4', '08/29/2016', '06:30:00 PM - 7:29:59 PM', '2', '', 'N/A', 'N/A', 'N/A', '', '', NULL, NULL, NULL, NULL, NULL, NULL, NULL, NULL, NULL, NULL, NULL, NULL, 'ORDER CONFIRMED', '1472474342', '08/31/2016', '06:30:00 PM - 7:29:59 PM', ''),
(260, 'B0B04973-A3BC-47A9-AFFB-AAA942C5B493', '08/29/2016', '07:30:00 PM - 8:29:59 PM', '2', '', 'N/A', 'N/A', 'N/A', '', '', NULL, NULL, NULL, NULL, NULL, NULL, NULL, NULL, NULL, NULL, NULL, NULL, 'ORDER CONFIRMED', '1472476471', '08/31/2016', '07:30:00 PM - 8:29:59 PM', ''),
(261, '56907037-FC71-4BEC-B1D6-33A2FC145DFC', '08/30/2016', '08:30:00 AM - 9:29:59 AM', '4', '', 'N/A', 'N/A', 'N/A', '', '', NULL, NULL, NULL, NULL, NULL, NULL, NULL, NULL, NULL, NULL, NULL, NULL, 'ORDER CONFIRMED', '1472489808', '9/1/2016', '08:30:00 AM - 9:29:59 AM', ''),
(262, '069F6B3A-B67C-4E47-81FE-7E3058DE7450', '08/30/2016', '11:30:00 AM - 1:29:59 PM', '1', '', 'N/A', 'N/A', 'N/A', '', '', NULL, NULL, NULL, NULL, NULL, NULL, NULL, NULL, NULL, NULL, NULL, NULL, 'ORDER CONFIRMED', '1472533086', '9/1/2016', '07:30:00 AM - 8:29:59 AM', ''),
(263, 'ED69E653-10AC-4217-ABBC-8D6256D38482', '08/30/2016', '03:30:00 PM - 5:29:59 PM', '4', '', 'N/A', 'N/A', 'N/A', '', '', NULL, NULL, NULL, NULL, NULL, NULL, NULL, NULL, NULL, NULL, NULL, NULL, 'ORDER CONFIRMED', '1472550398', '09/01/2016', '03:30:00 PM - 5:29:59 PM', ''),
(264, '901AD18A-CF4E-4BC4-A934-B269C445E74B', '08/31/2016', '09:30:00 AM - 10:29:59 AM', '2', '', 'N/A', 'N/A', 'N/A', '', '', NULL, NULL, NULL, NULL, NULL, NULL, NULL, NULL, NULL, NULL, NULL, NULL, 'ORDER CONFIRMED', '1472571856', '09/02/2016', '09:30:00 AM - 10:29:59 AM', ''),
(265, 'BC77491D-3E97-417E-9917-AE0F0C0D53F3', '08/31/2016', '09:30:00 AM - 10:29:59 AM', '2', '', 'N/A', 'N/A', 'N/A', '', '', NULL, NULL, NULL, NULL, NULL, NULL, NULL, NULL, NULL, NULL, NULL, NULL, 'ORDER CONFIRMED', '1472573514', '09/01/2016', '08:30:00 PM - 9:30:59 PM', ''),
(266, '80C469E5-FD4E-44ED-BE83-E545F92AA96E', '09/02/2016', '06:30:00 PM - 7:29:59 PM', '3', '', 'N/A', 'N/A', 'N/A', '', '', NULL, NULL, NULL, NULL, NULL, NULL, NULL, NULL, NULL, NULL, NULL, NULL, 'ORDER CONFIRMED', '1472793897', '09/03/2016', '06:30:00 PM - 7:29:59 PM', ''),
(267, '908BFA32-1BF2-41BE-AEC3-7592F71D12A4', '09/04/2016', '07:30:00 AM - 8:29:59 AM', '3', '', 'N/A', 'N/A', 'N/A', '', '', NULL, NULL, NULL, NULL, NULL, NULL, NULL, NULL, NULL, NULL, NULL, NULL, 'ORDER CONFIRMED', '1472952416', '09/06/2016', '07:30:00 AM - 8:29:59 AM', ''),
(268, 'E8B9072B-23A7-4157-B571-B060FC5561D1', '09/07/2016', '07:30:00 AM - 8:29:59 AM', '2', '', 'N/A', 'N/A', 'N/A', '', '', NULL, NULL, NULL, NULL, NULL, NULL, NULL, NULL, NULL, NULL, NULL, NULL, 'ORDER CONFIRMED', '1473127840', '09/09/2016', '07:30:00 AM - 8:29:59 AM', ''),
(269, '0ADB76EB-81F0-43E7-865A-C60E9CEE4A21', '09/07/2016', '01:30:00 PM - 3:29:59 PM', '2', '', 'N/A', 'N/A', 'N/A', '', '', NULL, NULL, NULL, NULL, NULL, NULL, NULL, NULL, NULL, NULL, NULL, NULL, 'ORDER CONFIRMED', '1473230193', '09/09/2016', '01:30:00 PM - 3:29:59 PM', ''),
(270, 'C2DD1034-418C-4540-9C75-9E71D405048E', '09/08/2016', '05:30:00 PM - 6:29:59 PM', '1', '', 'N/A', 'N/A', 'N/A', '', '', NULL, NULL, NULL, NULL, NULL, NULL, NULL, NULL, NULL, NULL, NULL, NULL, 'ORDER CONFIRMED', '1473331716', '09/09/2016', '01:30:00 PM - 3:29:59 PM', ''),
(271, 'C2DD1034-418C-4540-9C75-9E71D405048E', '09/08/2016', '05:30:00 PM - 6:29:59 PM', '1', '', 'N/A', 'N/A', 'N/A', '', '', NULL, NULL, NULL, NULL, NULL, NULL, NULL, NULL, NULL, NULL, NULL, NULL, 'ORDER CONFIRMED', '1473331718', '09/09/2016', '01:30:00 PM - 3:29:59 PM', ''),
(272, '3ED63C09-48CC-4FB2-A246-CF29317A401D', '09/08/2016', '05:30:00 PM - 6:29:59 PM', '1', '', 'N/A', 'N/A', 'N/A', '', '', NULL, NULL, NULL, NULL, NULL, NULL, NULL, NULL, NULL, NULL, NULL, NULL, 'ORDER CONFIRMED', '1473331890', '9/10/2016', '07:30:00 AM - 8:29:59 AM', ''),
(273, 'A0BBA63F-84C6-4DD3-9E01-F5201388AEE9', '09/10/2016', '11:30:00 AM - 1:29:59 PM', '1', '', 'N/A', 'N/A', 'N/A', '', '', '5.7', '195.51', '', '', '', '', '', '', '', '', '', '', 'ORDER CONFIRMED', '1473481954', '09/11/2016', '08:30:00 AM - 9:29:59 AM', ''),
(274, 'A5AF4CC4-6850-4498-947A-3FB40102AE3A', '09/11/2016', '08:30:00 PM - 9:30:59 PM', '1', '', 'N/A', 'N/A', 'N/A', '', '', NULL, NULL, NULL, NULL, NULL, NULL, NULL, NULL, NULL, NULL, NULL, NULL, 'ORDER CONFIRMED', '1473526447', '9/13/2016', '08:30:00 PM - 9:30:59 PM', ''),
(275, 'E8B9072B-23A7-4157-B571-B060FC5561D1', '09/11/2016', '05:30:00 PM - 6:29:59 PM', '2', '', 'N/A', 'N/A', 'N/A', '', '', NULL, NULL, NULL, NULL, NULL, NULL, NULL, NULL, NULL, NULL, NULL, NULL, 'ORDER CONFIRMED', '1473581835', '09/13/2016', '07:30:00 PM - 8:29:59 PM', ''),
(276, '0F3F9841-7CAB-42EF-BE59-99C6EE0A77D8', '09/12/2016', '09:30:00 AM - 10:29:59 AM', '1', '', 'N/A', 'N/A', 'N/A', '', 'please take care of our cloths', NULL, NULL, NULL, NULL, NULL, NULL, NULL, NULL, NULL, NULL, NULL, NULL, 'ORDER CONFIRMED', '1473612030', '09/13/2016', '09:30:00 AM - 10:29:59 AM', ''),
(277, '5019270A-B2AA-4E59-9153-1D33D26CFCD0', '09/12/2016', '08:30:00 AM - 9:29:59 AM', '2', '', 'N/A', 'N/A', 'N/A', '', '', NULL, NULL, NULL, NULL, NULL, NULL, NULL, NULL, NULL, NULL, NULL, NULL, 'ORDER CONFIRMED', '1473645971', '09/14/2016', '08:30:00 AM - 9:29:59 AM', ''),
(278, 'ED1AD901-0D54-4121-91AC-D0DE772D1CD9', '09/13/2016', '11:30:00 AM - 1:29:59 PM', '1', '', 'N/A', 'N/A', 'N/A', '', '', '3.9', '133.77', '', '', '', '', '', '', '1 Pant, 1 Shorts, 1 Blanket, 6 Tshirt, 1 Jeans, 2 Shirt', '', '', '', 'ORDER CONFIRMED', '1473699654', '9/15/2016', '08:30:00 AM - 9:29:59 AM', ''),
(279, 'B0B04973-A3BC-47A9-AFFB-AAA942C5B493', '09/13/2016', '05:30:00 PM - 6:29:59 PM', '2', '', 'N/A', 'N/A', 'N/A', '', '', NULL, NULL, NULL, NULL, NULL, NULL, NULL, NULL, NULL, NULL, NULL, NULL, 'ORDER CONFIRMED', '1473764690', '09/15/2016', '05:30:00 PM - 6:29:59 PM', ''),
(280, 'CFFCA348-F657-4C92-93F7-1FEA1A9509B5', '09/16/2016', '08:30:00 PM - 9:30:59 PM', '1,2', '', 'N/A', 'N/A', 'N/A', '', '', '0.36', '12.42', 'Wash+Iron = 2.20', '121.66', '', '', '', '', '', '', '', '', 'ORDER CONFIRMED', '1473945316', '09/18/2016', '08:30:00 PM - 9:30:59 PM', ''),
(281, '3452AA9A-D65F-48D8-BFEB-90701057EDFC', '09/29/2016', '10:30:00 AM - 11:29:59 AM', '3', '', 'N/A', 'N/A', 'N/A', '', '', NULL, NULL, NULL, NULL, NULL, NULL, NULL, NULL, NULL, NULL, NULL, NULL, 'ORDER CONFIRMED', '1474052359', '09/28/2016', '07:30:00 AM - 8:29:59 AM', ''),
(282, '908BFA32-1BF2-41BE-AEC3-7592F71D12A4', '09/17/2016', '08:30:00 AM - 9:29:59 AM', '2', '', 'N/A', 'N/A', 'N/A', '', '', NULL, NULL, NULL, NULL, NULL, NULL, NULL, NULL, NULL, NULL, NULL, NULL, 'ORDER CONFIRMED', '1474077690', '09/17/2016', '08:30:00 PM - 9:30:59 PM', ''),
(283, '870C7C01-8861-47B0-8376-866DB3A92A1E', '09/18/2016', '05:30:00 PM - 6:29:59 PM', '3', '', 'N/A', 'N/A', 'N/A', '', '', '', '', '', '', '11.3', '624.89', '', '', '', '', '', '', 'ORDER CONFIRMED', '1474197751', '09/20/2016', '08:30:00 PM - 9:30:59 PM', ''),
(284, '38C92375-B58B-4F3E-B679-223BB4560807', '09/18/2016', '07:30:00 PM - 8:29:59 PM', '1', '', 'N/A', 'N/A', 'N/A', '', '', '3.95', '135.49', '', '', '', '', '', '', '9 Shirt, 1 Tshirt, 2 pant, 1 Jeans', '', '', '', 'ORDER CONFIRMED', '1474204307', '09/19/2016', '08:30:00 PM - 9:30:59 PM', ''),
(285, '0ADB76EB-81F0-43E7-865A-C60E9CEE4A21', '09/19/2016', '01:30:00 PM - 3:29:59 PM', '2', '', 'N/A', 'N/A', 'N/A', '', '', NULL, NULL, NULL, NULL, NULL, NULL, NULL, NULL, NULL, NULL, NULL, NULL, 'ORDER CONFIRMED', '1474265690', '09/21/2016', '01:30:00 PM - 3:29:59 PM', ''),
(286, 'E8B9072B-23A7-4157-B571-B060FC5561D1', '09/21/2016', '08:30:00 AM - 9:29:59 AM', '1,2', '', 'N/A', 'N/A', 'N/A', '', '', NULL, NULL, NULL, NULL, NULL, NULL, NULL, NULL, NULL, NULL, NULL, NULL, 'ORDER CONFIRMED', '1474381609', '9/23/2016', '08:30:00 AM - 9:29:59 AM', ''),
(287, '000CBD7A-2777-476F-84AB-5C1BAD238BBD', '09/22/2016', '05:30:00 PM - 6:29:59 PM', '1,2', '', 'N/A', 'N/A', 'N/A', '', '', NULL, NULL, NULL, NULL, NULL, NULL, NULL, NULL, NULL, NULL, NULL, NULL, 'ORDER CONFIRMED', '1474538700', '09/23/2016', '03:30:00 PM - 5:29:59 PM', ''),
(288, 'CFFCA348-F657-4C92-93F7-1FEA1A9509B5', '09/22/2016', '07:30:00 PM - 8:29:59 PM', '1,3', '', 'N/A', 'N/A', 'N/A', '', '', NULL, NULL, NULL, NULL, NULL, NULL, NULL, NULL, NULL, NULL, NULL, NULL, 'ORDER CONFIRMED', '1474550254', '09/24/2016', '07:30:00 PM - 8:29:59 PM', ''),
(289, '80C469E5-FD4E-44ED-BE83-E545F92AA96E', '09/23/2016', '11:30:00 AM - 1:29:59 PM', '3,4', '', 'N/A', 'N/A', 'N/A', '', '', '', '', '', '', '4.1', '323.90', '3', '450', '', '1 Black Velvet Blazer, 1 Beige Thick Jacket, 1 Blue Denim Jacket', '', '2 Inner Tracks, 2 Lower, 2 Sweater, 2 Tshirt, 2 Shirt, 3 Pullover', 'ORDER CONFIRMED', '1474604716', '09/24/2016', '11:30:00 AM - 1:29:59 PM', ''),
(290, 'E2BA2747-8180-45EA-88FD-819BD5D340EC', '09/23/2016', '11:30:00 AM - 1:29:59 PM', '3', '', 'N/A', 'N/A', 'N/A', '', '', '', '', '', '', '12.80', '1011.20', '', '', '', '', '', '3 Boxer, 1 Shorts, 11 Shirt, 1 Jacket, 21 Tshirt, 1 Lower, 3 Pant, 4 Jeans, 1 Napkin, 1 Towel, 1 Hanky', 'ORDER CONFIRMED', '1474608442', '09/25/2016', '11:30:00 AM - 1:29:59 PM', ''),
(291, '901AD18A-CF4E-4BC4-A934-B269C445E74B', '09/27/2016', '08:30:00 AM - 9:29:59 AM', '2', '', 'N/A', 'N/A', 'N/A', '', '', NULL, NULL, NULL, NULL, NULL, NULL, NULL, NULL, NULL, NULL, NULL, NULL, 'ORDER CONFIRMED', '1474900705', '9/29/2016', '08:30:00 AM - 9:29:59 AM', ''),
(292, 'E8B9072B-23A7-4157-B571-B060FC5561D1', '09/28/2016', '09:30:00 AM-10:29:59 AM', '2', '', 'N/A', 'N/A', 'N/A', '', '', NULL, NULL, NULL, NULL, NULL, NULL, NULL, NULL, NULL, NULL, NULL, NULL, 'ORDER CONFIRMED', '1475031349', '09/30/2016', '07:30:00 PM - 8:29:59 PM', ''),
(293, 'CFFCA348-F657-4C92-93F7-1FEA1A9509B5', '09/30/2016', '07:30:00 PM - 8:29:59 PM', '3', '', 'N/A', 'N/A', 'N/A', '', '', '', '', '', '', '4.1', '323.90', '', '', '', '', '', '4 Shirt, 1 Jeans, 4 Pant, 3 Tshirt, 1 Bedsheet', 'ORDER CONFIRMED', '1475239389', '10/02/2016', '07:30:00 PM - 8:29:59 PM', ''),
(294, '2358317E-B23F-4302-A63D-58DD4720748C', '10/01/2016', '07:30:00 AM - 8:29:59 AM', '3', '', 'N/A', 'N/A', 'N/A', '', '', NULL, NULL, NULL, NULL, NULL, NULL, NULL, NULL, NULL, NULL, NULL, NULL, 'ORDER CONFIRMED', '1475263510', '10/03/2016', '07:30:00 AM - 8:29:59 AM', ''),
(295, '1B90F923-A751-44CF-848B-1742CE26263E', '10/01/2016', '08:30:00 AM - 9:29:59 AM', '1', '', 'N/A', 'N/A', 'N/A', '', '', '3.2', '133.28', '', '', '', '', '', '', '5 Pair socks, 5 Briefs, 5 Tshirt, 5 Shorts, 2 Hand Towel, 1 Boxer', '', '', '', 'ORDER CONFIRMED', '1475289964', '10/03/2016', '08:30:00 AM - 9:29:59 AM', ''),
(296, '902B31DB-7ABF-4808-BA7B-D07B1044391E', '10/01/2016', '01:30:00 PM - 3:29:59 PM', '1', '', 'N/A', 'N/A', 'N/A', '', 'Please inform for delays or cancellations', '6.7', '279.06', '', '', '', '', '', '', '4 Hand Towel, 5 Lower, 2 Vest, 1 Top, 8 Shirt, 11 Tshirt, 2 Bedsheet', '', '', '', 'ORDER CONFIRMED', '1475303235', '10/03/2016', '01:30:00 PM - 3:29:59 PM', ''),
(297, '3F7A3A10-5FBB-4EF5-A492-EC29D7E64271', '10/01/2016', '05:30:00 PM - 6:29:59 PM', '2', '', 'N/A', 'N/A', 'N/A', '', '', '', '', '17', '116', '', '', '', '', '', '', '', '', 'ORDER CONFIRMED', '1475320401', '10/03/2016', '05:30:00 PM - 6:29:59 PM', ''),
(298, '0ADB76EB-81F0-43E7-865A-C60E9CEE4A21', '10/01/2016', '07:30:00 PM - 8:29:59 PM', '2', '', 'N/A', 'N/A', 'N/A', '', '', NULL, NULL, NULL, NULL, NULL, NULL, NULL, NULL, NULL, NULL, NULL, NULL, 'ORDER CONFIRMED', '1475328607', '10/03/2016', '07:30:00 PM - 8:29:59 PM', ''),
(299, 'F793F25C-B144-49AA-9D8E-780AE8C4EDF0', '10/02/2016', '01:30:00 PM - 3:29:59 PM', '4', '', 'N/A', 'N/A', 'N/A', '', '', NULL, NULL, NULL, NULL, NULL, NULL, NULL, NULL, NULL, NULL, NULL, NULL, 'ORDER CONFIRMED', '1475389755', '10/05/2016', '08:30:00 PM - 9:30:59 PM', ''),
(300, 'A5AF4CC4-6850-4498-947A-3FB40102AE3A', '10/02/2016', '07:30:00 PM - 8:29:59 PM', '1', '', 'N/A', 'N/A', 'N/A', '', '', NULL, NULL, NULL, NULL, NULL, NULL, NULL, NULL, NULL, NULL, NULL, NULL, 'ORDER CONFIRMED', '1475410789', '10/04/2016', '08:30:00 PM - 9:30:59 PM', ''),
(301, '0ADB76EB-81F0-43E7-865A-C60E9CEE4A21', '10/03/2016', '11:30:00 AM - 1:29:59 PM', '2', '', 'N/A', 'N/A', 'N/A', 'Dry cleaning of blazer', '', NULL, NULL, NULL, NULL, NULL, NULL, NULL, NULL, NULL, NULL, NULL, NULL, 'ORDER CONFIRMED', '1475473718', '10/05/2016', '11:30:00 AM - 1:29:59 PM', ''),
(302, 'E8B9072B-23A7-4157-B571-B060FC5561D1', '10/04/2016', '08:30:00 AM - 9:29:59 AM', '2', '', 'N/A', 'N/A', 'N/A', '', '', NULL, NULL, NULL, NULL, NULL, NULL, NULL, NULL, NULL, NULL, NULL, NULL, 'ORDER CONFIRMED', '1475489077', '10/06/2016', '08:30:00 AM - 9:29:59 AM', ''),
(303, 'BC2A331B-2C30-4884-9970-B56A27F91C53', '10/04/2016', '11:30:00 AM - 1:29:59 PM', '4', '', 'N/A', 'N/A', 'N/A', '', '', '', '', '', '', '', '', '3', '246.5', '', '', '', '', 'ORDER CONFIRMED', '1475559526', '10/06/2016', '11:30:00 AM - 1:29:59 PM', ''),
(304, '115D4920-7BF3-49D7-9308-705649CD6FAF', '10/08/2016', '03:30:00 PM - 5:29:59 PM', '2,4', '', 'N/A', 'N/A', 'N/A', '', 'Need to collect jacket for dry-cleaning & clothes for ironing', NULL, NULL, NULL, NULL, NULL, NULL, NULL, NULL, NULL, NULL, NULL, NULL, 'ORDER CONFIRMED', '1475912431', '10/10/2016', '03:30:00 PM - 5:29:59 PM', ''),
(305, '1ACBE030-5A6F-480D-8403-0045BC6C9886', '10/09/2016', '11:30:00 AM - 1:29:59 PM', '1,2', '', 'N/A', 'N/A', 'N/A', '', '', NULL, NULL, NULL, NULL, NULL, NULL, NULL, NULL, NULL, NULL, NULL, NULL, 'ORDER CONFIRMED', '1475991233', '10/11/2016', '06:30:00 PM - 7:29:59 PM', ''),
(306, '902B31DB-7ABF-4808-BA7B-D07B1044391E', '10/10/2016', '08:30:00 AM - 9:29:59 AM', '1', '', 'N/A', 'N/A', 'N/A', '', 'Please inform for delays or cancellations', NULL, NULL, NULL, NULL, NULL, NULL, NULL, NULL, NULL, NULL, NULL, NULL, 'ORDER CONFIRMED', '1476023365', '10/12/2016', '08:30:00 AM - 9:29:59 AM', ''),
(307, 'CFFCA348-F657-4C92-93F7-1FEA1A9509B5', '10/10/2016', '11:30:00 AM - 1:29:59 PM', '3', '', 'N/A', 'N/A', 'N/A', '', '', NULL, NULL, NULL, NULL, NULL, NULL, NULL, NULL, NULL, NULL, NULL, NULL, 'ORDER CONFIRMED', '1476076534', '10/12/2016', '11:30:00 AM - 1:29:59 PM', '');
INSERT INTO `schedule_picker` (`ORDER_ID`, `USER_ID`, `DATE`, `TIME`, `TYPES`, `ORDER_DELIVERY`, `COST`, `KG`, `PIECE`, `OTHERS`, `MESSAGE`, `WASH_AND_FOLD_W`, `WASH_AND_FOLD_R`, `IRONING_W`, `IRONING_R`, `WASH_AND_IRON_W`, `WASH_AND_IRON_R`, `DRY_CLEAN_W`, `DRY_CLEAN_R`, `EXTRA_WASH_AND_FOLD`, `EXTRA_DRY_CLEAN`, `EXTRA_IRONING`, `EXTRA_WASH_IRON`, `STATUS`, `CREATED_ON`, `DELIVERY_DATE`, `DELIVERY_TIME`, `COUPON`) VALUES
(308, '', '', '', '', '', 'N/A', 'N/A', 'N/A', '', '', NULL, NULL, NULL, NULL, NULL, NULL, NULL, NULL, NULL, NULL, NULL, NULL, 'ORDER CONFIRMED', '1476076534', '', '', ''),
(309, 'B659517C-A35E-49A8-80E8-FAA04EEC4002', '10/12/2016', '11:30:00 AM - 1:29:59 PM', '1,3,4', '', 'N/A', 'N/A', 'N/A', '', '', NULL, NULL, NULL, NULL, NULL, NULL, NULL, NULL, NULL, NULL, NULL, NULL, 'ORDER CONFIRMED', '1476205255', '10/13/2016', '01:30:00 PM - 3:29:59 PM', ''),
(310, 'E8B9072B-23A7-4157-B571-B060FC5561D1', '10/12/2016', '09:30:00 AM-10:29:59 AM', '2', '', 'N/A', 'N/A', 'N/A', '', '', NULL, NULL, NULL, NULL, NULL, NULL, NULL, NULL, NULL, NULL, NULL, NULL, 'ORDER CONFIRMED', '1476237302', '10/14/2016', '09:30:00 AM-10:29:59 AM', ''),
(311, 'DF20399C-65E9-4452-A406-FDC4959CA51C', '10/15/2016', '01:30:00 PM - 3:29:59 PM', '4', '', 'N/A', 'N/A', 'N/A', '', '', NULL, NULL, NULL, NULL, NULL, NULL, NULL, NULL, NULL, NULL, NULL, NULL, 'ORDER CONFIRMED', '1476511557', '10/17/2016', '01:30:00 PM - 3:29:59 PM', ''),
(312, 'B0B04973-A3BC-47A9-AFFB-AAA942C5B493', '10/15/2016', '05:30:00 PM - 6:29:59 PM', '2', '', 'N/A', 'N/A', 'N/A', '', '', NULL, NULL, NULL, NULL, NULL, NULL, NULL, NULL, NULL, NULL, NULL, NULL, 'ORDER CONFIRMED', '1476529192', '10/17/2016', '05:30:00 PM - 6:29:59 PM', ''),
(313, '89920CCB-C716-48E4-8E65-BF6041B5276F', '10/16/2016', '11:30:00 AM - 1:29:59 PM', '3', '', 'N/A', 'N/A', 'N/A', '', '', NULL, NULL, NULL, NULL, NULL, NULL, NULL, NULL, NULL, NULL, NULL, NULL, 'ORDER CONFIRMED', '1476594048', '10/18/2016', '11:30:00 AM - 1:29:59 PM', ''),
(314, 'CFFCA348-F657-4C92-93F7-1FEA1A9509B5', '10/17/2016', '08:30:00 PM - 9:30:59 PM', '3', '', 'N/A', 'N/A', 'N/A', '', '', NULL, NULL, NULL, NULL, NULL, NULL, NULL, NULL, NULL, NULL, NULL, NULL, 'ORDER CONFIRMED', '1476697113', '10/19/2016', '08:30:00 PM - 9:30:59 PM', ''),
(315, '', '', '', '', '', 'N/A', 'N/A', 'N/A', '', '', NULL, NULL, NULL, NULL, NULL, NULL, NULL, NULL, NULL, NULL, NULL, NULL, 'ORDER CONFIRMED', '1476697113', '', '', ''),
(316, 'E8B9072B-23A7-4157-B571-B060FC5561D1', '10/18/2016', '09:30:00 AM-10:29:59 AM', '2', '', 'N/A', 'N/A', 'N/A', '', '', NULL, NULL, NULL, NULL, NULL, NULL, NULL, NULL, NULL, NULL, NULL, NULL, 'ORDER CONFIRMED', '1476758446', '10/20/2016', '09:30:00 AM-10:29:59 AM', ''),
(317, '0ADB76EB-81F0-43E7-865A-C60E9CEE4A21', '10/18/2016', '09:30:00 AM-10:29:59 AM', '2', '', 'N/A', 'N/A', 'N/A', '', '', NULL, NULL, NULL, NULL, NULL, NULL, NULL, NULL, NULL, NULL, NULL, NULL, 'ORDER CONFIRMED', '1476762405', '10/20/2016', '09:30:00 AM-10:29:59 AM', ''),
(318, 'ED69E653-10AC-4217-ABBC-8D6256D38482', '10/19/2016', '01:30:00 PM - 3:29:59 PM', '2', '', 'N/A', 'N/A', 'N/A', '', '', NULL, NULL, NULL, NULL, NULL, NULL, NULL, NULL, NULL, NULL, NULL, NULL, 'ORDER CONFIRMED', '1476808660', '10/21/2016', '01:30:00 PM - 3:29:59 PM', ''),
(319, 'BC2A331B-2C30-4884-9970-B56A27F91C53', '10/19/2016', '08:30:00 AM - 9:29:59 AM', '4', '', 'N/A', 'N/A', 'N/A', '', '', NULL, NULL, NULL, NULL, NULL, NULL, NULL, NULL, NULL, NULL, NULL, NULL, 'ORDER CONFIRMED', '1476844639', '10/21/2016', '08:30:00 AM - 9:29:59 AM', ''),
(320, '902B31DB-7ABF-4808-BA7B-D07B1044391E', '10/19/2016', '11:30:00 AM - 1:29:59 PM', '1', '', 'N/A', 'N/A', 'N/A', '', '', NULL, NULL, NULL, NULL, NULL, NULL, NULL, NULL, NULL, NULL, NULL, NULL, 'ORDER CONFIRMED', '1476855078', '10/21/2016', '11:30:00 AM - 1:29:59 PM', ''),
(321, '0ADB76EB-81F0-43E7-865A-C60E9CEE4A21', '10/20/2016', '01:30:00 PM - 3:29:59 PM', '2', '', 'N/A', 'N/A', 'N/A', '', '', NULL, NULL, NULL, NULL, NULL, NULL, NULL, NULL, NULL, NULL, NULL, NULL, 'ORDER CONFIRMED', '1476945917', '10/22/2016', '01:30:00 PM - 3:29:59 PM', ''),
(322, '89E33675-D5A1-4C90-AE12-69F1B853FC40', '10/21/2016', '11:30:00 AM - 1:29:59 PM', '4', '', 'N/A', 'N/A', 'N/A', '', '', NULL, NULL, NULL, NULL, NULL, NULL, NULL, NULL, NULL, NULL, NULL, NULL, 'ORDER CONFIRMED', '1477028477', '10/22/2016', '11:30:00 AM - 1:29:59 PM', ''),
(323, 'E8B9072B-23A7-4157-B571-B060FC5561D1', '10/22/2016', '08:30:00 AM - 9:29:59 AM', '2', '', 'N/A', 'N/A', 'N/A', '', '', NULL, NULL, NULL, NULL, NULL, NULL, NULL, NULL, NULL, NULL, NULL, NULL, 'ORDER CONFIRMED', '1477101840', '10/24/2016', '08:30:00 AM - 9:29:59 AM', ''),
(324, 'C5150D6D-F634-4912-BCB8-0A868529DD0E', '10/23/2016', '11:30:00 AM - 1:29:59 PM', '4', '', 'N/A', 'N/A', 'N/A', '', '', NULL, NULL, NULL, NULL, NULL, NULL, NULL, NULL, NULL, NULL, NULL, NULL, 'ORDER CONFIRMED', '1477197507', '10/25/2016', '07:30:00 PM - 8:29:59 PM', ''),
(325, 'CFFCA348-F657-4C92-93F7-1FEA1A9509B5', '10/24/2016', '07:30:00 PM - 8:29:59 PM', '3', '', 'N/A', 'N/A', 'N/A', '', '', NULL, NULL, NULL, NULL, NULL, NULL, NULL, NULL, NULL, NULL, NULL, NULL, 'ORDER CONFIRMED', '1477316396', '10/26/2016', '07:30:00 PM - 8:29:59 PM', ''),
(326, '902B31DB-7ABF-4808-BA7B-D07B1044391E', '10/25/2016', '10:30:00 AM-11:29:59 AM', '1', '', 'N/A', 'N/A', 'N/A', '', '', NULL, NULL, NULL, NULL, NULL, NULL, NULL, NULL, NULL, NULL, NULL, NULL, 'ORDER CONFIRMED', '1477370532', '10/27/2016', '10:30:00 AM - 10:29:59 AM', ''),
(327, 'C48581C5-52E5-4E15-A5E9-B20A66B1E7CE', '10/27/2016', '03:30:00 PM - 5:29:59 PM', '1', '', 'N/A', 'N/A', 'N/A', '', 'I have two separate piles of whites and coloured clothes to be washed. Please use fabric softener.', NULL, NULL, NULL, NULL, NULL, NULL, NULL, NULL, NULL, NULL, NULL, NULL, 'ORDER CONFIRMED', '1477557052', '10/28/2016', '03:30:00 PM - 5:29:59 PM', ''),
(328, 'B0B04973-A3BC-47A9-AFFB-AAA942C5B493', '10/31/2016', '07:30:00 AM - 8:29:59 AM', '2', '', 'N/A', 'N/A', 'N/A', '', '', NULL, NULL, NULL, NULL, NULL, NULL, NULL, NULL, NULL, NULL, NULL, NULL, 'ORDER CONFIRMED', '1477805096', '', '07:30:00 AM - 8:29:59 AM', ''),
(329, '1ACBE030-5A6F-480D-8403-0045BC6C9886', '11/02/2016', '08:30:00 AM - 9:29:59 AM', '1,2', '', 'N/A', 'N/A', 'N/A', '', '', NULL, NULL, NULL, NULL, NULL, NULL, NULL, NULL, NULL, NULL, NULL, NULL, 'ORDER CONFIRMED', '1478053284', '11/04/2016', '08:30:00 AM - 9:29:59 AM', ''),
(330, '870C7C01-8861-47B0-8376-866DB3A92A1E', '11/02/2016', '05:30:00 PM - 6:29:59 PM', '3', '', 'N/A', 'N/A', 'N/A', '', '', NULL, NULL, NULL, NULL, NULL, NULL, NULL, NULL, NULL, NULL, NULL, NULL, 'ORDER CONFIRMED', '1478079771', '11/04/2016', '03:30:00 PM - 5:29:59 PM', ''),
(331, 'B0B04973-A3BC-47A9-AFFB-AAA942C5B493', '11/03/2016', '06:30:00 PM - 7:29:59 PM', '2', '', 'N/A', 'N/A', 'N/A', '', '', NULL, NULL, NULL, NULL, NULL, NULL, NULL, NULL, NULL, NULL, NULL, NULL, 'ORDER CONFIRMED', '1478175066', '11/5/2016', '07:30:00 AM - 8:29:59 AM', ''),
(332, 'E8B9072B-23A7-4157-B571-B060FC5561D1', '11/04/2016', '08:30:00 PM - 9:30:59 PM', '2', '', 'N/A', 'N/A', 'N/A', '', '', NULL, NULL, NULL, NULL, NULL, NULL, NULL, NULL, NULL, NULL, NULL, NULL, 'ORDER CONFIRMED', '1478226450', '11/06/2016', '08:30:00 PM - 9:30:59 PM', ''),
(333, 'A5AF4CC4-6850-4498-947A-3FB40102AE3A', '11/04/2016', '07:30:00 PM - 8:29:59 PM', '1', '', 'N/A', 'N/A', 'N/A', '', '', NULL, NULL, NULL, NULL, NULL, NULL, NULL, NULL, NULL, NULL, NULL, NULL, 'ORDER CONFIRMED', '1478230070', '11/06/2016', '07:30:00 PM - 8:29:59 PM', ''),
(334, '62C6640A-2572-4A70-B052-1C6BB8D94968', '11/04/2016', '11:30:00 AM - 1:29:59 PM', '2', '', 'N/A', 'N/A', 'N/A', '', '', NULL, NULL, NULL, NULL, NULL, NULL, NULL, NULL, NULL, NULL, NULL, NULL, 'ORDER CONFIRMED', '1478236130', '11/06/2016', '07:30:00 PM - 8:29:59 PM', ''),
(335, 'A5AF4CC4-6850-4498-947A-3FB40102AE3A', '11/08/2016', '08:30:00 PM - 9:30:59 PM', '1', '', 'N/A', 'N/A', 'N/A', '', '', NULL, NULL, NULL, NULL, NULL, NULL, NULL, NULL, NULL, NULL, NULL, NULL, 'ORDER CONFIRMED', '1478615886', '11/10/2016', '08:30:00 PM - 9:30:59 PM', ''),
(336, 'E8B9072B-23A7-4157-B571-B060FC5561D1', '11/11/2016', '08:30:00 AM - 9:29:59 AM', '2', '', 'N/A', 'N/A', 'N/A', '', '', NULL, NULL, NULL, NULL, NULL, NULL, NULL, NULL, NULL, NULL, NULL, NULL, 'ORDER CONFIRMED', '1478691015', '11/13/2016', '08:30:00 AM - 9:29:59 AM', ''),
(337, 'F66A116E-8D27-4BCE-906E-A38DA589BA58', '11/10/2016', '01:30:00 PM - 3:29:59 PM', '1', '', 'N/A', 'N/A', 'N/A', '', 'i want my blanket should be cleaned', NULL, NULL, NULL, NULL, NULL, NULL, NULL, NULL, NULL, NULL, NULL, NULL, 'ORDER CONFIRMED', '1478760527', '11/12/2016', '01:30:00 PM - 3:29:59 PM', ''),
(338, 'A5AF4CC4-6850-4498-947A-3FB40102AE3A', '11/10/2016', '07:30:00 PM - 8:29:59 PM', '1', '', 'N/A', 'N/A', 'N/A', '', '', NULL, NULL, NULL, NULL, NULL, NULL, NULL, NULL, NULL, NULL, NULL, NULL, 'ORDER CONFIRMED', '1478769773', '11/11/2016', '03:30:00 PM - 5:29:59 PM', ''),
(339, 'CFFCA348-F657-4C92-93F7-1FEA1A9509B5', '11/11/2016', '08:30:00 PM - 9:30:59 PM', '3', '', 'N/A', 'N/A', 'N/A', '', '', NULL, NULL, NULL, NULL, NULL, NULL, NULL, NULL, NULL, NULL, NULL, NULL, 'ORDER CONFIRMED', '1478865527', '11/13/2016', '08:30:00 PM - 9:30:59 PM', ''),
(340, '', '', '', '', '', 'N/A', 'N/A', 'N/A', '', '', NULL, NULL, NULL, NULL, NULL, NULL, NULL, NULL, NULL, NULL, NULL, NULL, 'ORDER CONFIRMED', '1478865527', '', '', ''),
(341, 'A5AF4CC4-6850-4498-947A-3FB40102AE3A', '11/13/2016', '11:30:00 AM - 1:29:59 PM', '1', '', 'N/A', 'N/A', 'N/A', '', '', NULL, NULL, NULL, NULL, NULL, NULL, NULL, NULL, NULL, NULL, NULL, NULL, 'ORDER CONFIRMED', '1479014698', '11/15/2016', '08:30:00 PM - 9:30:59 PM', ''),
(342, '35C99092-4057-4FB7-88BD-9351957DC78D', '11/15/2016', '03:30:00 PM - 5:29:59 PM', '1', '', 'N/A', 'N/A', 'N/A', '', '', NULL, NULL, NULL, NULL, NULL, NULL, NULL, NULL, NULL, NULL, NULL, NULL, 'ORDER CONFIRMED', '1479201727', '11/21/2016', '03:30:00 PM - 5:29:59 PM', ''),
(343, '739BC17B-4D09-43B2-872B-4BB275719503', '11/15/2016', '08:30:00 PM - 9:30:59 PM', '2,4', '', 'N/A', 'N/A', 'N/A', '', '', NULL, NULL, NULL, NULL, NULL, NULL, NULL, NULL, NULL, NULL, NULL, NULL, 'ORDER CONFIRMED', '1479205402', '11/17/2016', '08:30:00 PM - 9:30:59 PM', ''),
(344, 'E8B9072B-23A7-4157-B571-B060FC5561D1', '11/18/2016', '09:30:00 AM - 10:29:59 AM', '2', '', 'N/A', 'N/A', 'N/A', '', '', NULL, NULL, NULL, NULL, NULL, NULL, NULL, NULL, NULL, NULL, NULL, NULL, 'ORDER CONFIRMED', '1479351731', '11/20/2016', '07:30:00 PM - 8:29:59 PM', ''),
(345, '9F257FAD-04E6-48DC-8488-E0DEC5B6D354', '11/19/2016', '01:30:00 PM - 3:29:59 PM', '3', '', 'N/A', 'N/A', 'N/A', '', '', NULL, NULL, NULL, NULL, NULL, NULL, NULL, NULL, NULL, NULL, NULL, NULL, 'ORDER CONFIRMED', '1479541299', '11/21/2016', '03:30:00 PM - 5:29:59 PM', ''),
(346, '0ADB76EB-81F0-43E7-865A-C60E9CEE4A21', '11/19/2016', '', '2', '', 'N/A', 'N/A', 'N/A', '', '', NULL, NULL, NULL, NULL, NULL, NULL, NULL, NULL, NULL, NULL, NULL, NULL, 'ORDER CONFIRMED', '1479569853', '11/19/2016', '', ''),
(347, '35C99092-4057-4FB7-88BD-9351957DC78D', '11/22/2016', '05:30:00 PM - 6:29:59 PM', '1,2', '', 'N/A', 'N/A', 'N/A', '', '', NULL, NULL, NULL, NULL, NULL, NULL, NULL, NULL, NULL, NULL, NULL, NULL, 'ORDER CONFIRMED', '1479733932', '11/24/2016', '05:30:00 PM - 6:29:59 PM', ''),
(348, '8CB6DB7F-7B16-4AE2-AD1F-3CF9C1A3DE7F', '11/22/2016', '05:30:00 PM - 6:29:59 PM', '2,3', '', 'N/A', 'N/A', 'N/A', '', 'Please pick it before 7 pm today nd let me know that do you accept card', NULL, NULL, NULL, NULL, NULL, NULL, NULL, NULL, NULL, NULL, NULL, NULL, 'ORDER CONFIRMED', '1479814521', '11/24/2016', '05:30:00 PM - 6:29:59 PM', ''),
(349, 'E8B9072B-23A7-4157-B571-B060FC5561D1', '11/24/2016', '09:30:00 AM - 10:29:59 AM', '2', '', 'N/A', 'N/A', 'N/A', '', '', NULL, NULL, NULL, NULL, NULL, NULL, NULL, NULL, NULL, NULL, NULL, NULL, 'ORDER CONFIRMED', '1479887878', '11/26/2016', '09:30:00 AM - 10:29:59 AM', ''),
(350, 'A5AF4CC4-6850-4498-947A-3FB40102AE3A', '11/24/2016', '01:30:00 PM - 3:29:59 PM', '1', '', 'N/A', 'N/A', 'N/A', '', '', NULL, NULL, NULL, NULL, NULL, NULL, NULL, NULL, NULL, NULL, NULL, NULL, 'ORDER CONFIRMED', '1479970377', '11/26/2016', '01:30:00 PM - 3:29:59 PM', ''),
(351, 'C551A521-DB02-427E-B673-49D115E3709A', '11/24/2016', '06:30:00 PM - 7:29:59 PM', '4', '', 'N/A', 'N/A', 'N/A', '', '', NULL, NULL, NULL, NULL, NULL, NULL, NULL, NULL, NULL, NULL, NULL, NULL, 'ORDER CONFIRMED', '1479990473', '11/26/2016', '06:30:00 PM - 7:29:59 PM', ''),
(352, 'CFFCA348-F657-4C92-93F7-1FEA1A9509B5', '11/26/2016', '10:30:00 AM - 11:29:59 AM', '3', '', 'N/A', 'N/A', 'N/A', '', '', NULL, NULL, NULL, NULL, NULL, NULL, NULL, NULL, NULL, NULL, NULL, NULL, 'ORDER CONFIRMED', '1480083465', '11/28/2016', '10:30:00 AM - 11:29:59 AM', ''),
(353, '3F7A3A10-5FBB-4EF5-A492-EC29D7E64271', '11/26/2016', '06:30:00 PM - 7:29:59 PM', '2', '', 'N/A', 'N/A', 'N/A', '', '', NULL, NULL, NULL, NULL, NULL, NULL, NULL, NULL, NULL, NULL, NULL, NULL, 'ORDER CONFIRMED', '1480163826', '11/28/2016', '06:30:00 PM - 7:29:59 PM', ''),
(354, 'A5AF4CC4-6850-4498-947A-3FB40102AE3A', '11/28/2016', '08:30:00 PM - 9:30:59 PM', '1', '', 'N/A', 'N/A', 'N/A', '', '', NULL, NULL, NULL, NULL, NULL, NULL, NULL, NULL, NULL, NULL, NULL, NULL, 'ORDER CONFIRMED', '1480314507', '11/30/2016', '08:30:00 PM - 9:30:59 PM', ''),
(355, '0ADB76EB-81F0-43E7-865A-C60E9CEE4A21', '11/28/2016', '01:30:00 PM - 3:29:59 PM', '2', '', 'N/A', 'N/A', 'N/A', '', '', NULL, NULL, NULL, NULL, NULL, NULL, NULL, NULL, NULL, NULL, NULL, NULL, 'ORDER CONFIRMED', '1480316861', '11/30/2016', '01:30:00 PM - 3:29:59 PM', ''),
(356, '92DE200B-9933-4BB8-AAAB-793B7350E6E2', '11/29/2016', '01:30:00 PM - 3:29:59 PM', '4', '', 'N/A', 'N/A', 'N/A', '', '', NULL, NULL, NULL, NULL, NULL, NULL, NULL, NULL, NULL, NULL, NULL, NULL, 'ORDER CONFIRMED', '1480403032', '12/01/2016', '01:30:00 PM - 3:29:59 PM', ''),
(357, 'A5AF4CC4-6850-4498-947A-3FB40102AE3A', '11/29/2016', '08:30:00 PM - 9:30:59 PM', '1', '', 'N/A', 'N/A', 'N/A', '', '', NULL, NULL, NULL, NULL, NULL, NULL, NULL, NULL, NULL, NULL, NULL, NULL, 'ORDER CONFIRMED', '1480406400', '12/01/2016', '08:30:00 PM - 9:30:59 PM', ''),
(358, 'E8B9072B-23A7-4157-B571-B060FC5561D1', '11/29/2016', '08:30:00 PM - 9:30:59 PM', '2', '', 'N/A', 'N/A', 'N/A', '', '', NULL, NULL, NULL, NULL, NULL, NULL, NULL, NULL, NULL, NULL, NULL, NULL, 'ORDER CONFIRMED', '1480416550', '12/01/2016', '08:30:00 PM - 9:30:59 PM', ''),
(359, '92DE200B-9933-4BB8-AAAB-793B7350E6E2', '12/01/2016', '10:30:00 AM - 11:29:59 AM', '4', '', 'N/A', 'N/A', 'N/A', '', '', NULL, NULL, NULL, NULL, NULL, NULL, NULL, NULL, NULL, NULL, NULL, NULL, 'ORDER CONFIRMED', '1480505825', '12/3/2016', '10:30:00 AM - 11:29:59 AM', ''),
(360, '325ABC6D-2723-4F9C-8DBF-D9DF526706CB', '12/03/2016', '09:30:00 AM-10:29:59 AM', '3', '', 'N/A', 'N/A', 'N/A', '', 'Super Urgent', NULL, NULL, NULL, NULL, NULL, NULL, NULL, NULL, NULL, NULL, NULL, NULL, 'ORDER CONFIRMED', '1480735266', '12/5/2016', '07:30:00 AM - 8:29:59 AM', ''),
(361, 'E8B9072B-23A7-4157-B571-B060FC5561D1', '12/04/2016', '03:30:00 PM - 5:29:59 PM', '2', '', 'N/A', 'N/A', 'N/A', '', 'Need this on a quick basis as Sir has to travel.Can you please help  me.', NULL, NULL, NULL, NULL, NULL, NULL, NULL, NULL, NULL, NULL, NULL, NULL, 'ORDER CONFIRMED', '1480816945', '12/05/2016', '05:30:00 PM - 6:29:59 PM', ''),
(362, 'B0B04973-A3BC-47A9-AFFB-AAA942C5B493', '12/04/2016', '01:30:00 PM - 3:29:59 PM', '2', '', 'N/A', 'N/A', 'N/A', '', '', NULL, NULL, NULL, NULL, NULL, NULL, NULL, NULL, NULL, NULL, NULL, NULL, 'ORDER CONFIRMED', '1480838168', '12/06/2016', '01:30:00 PM - 3:29:59 PM', ''),
(363, '1ACBE030-5A6F-480D-8403-0045BC6C9886', '12/05/2016', '03:30:00 PM - 5:29:59 PM', '1,2', '', 'N/A', 'N/A', 'N/A', '', '', NULL, NULL, NULL, NULL, NULL, NULL, NULL, NULL, NULL, NULL, NULL, NULL, 'ORDER CONFIRMED', '1480927113', '12/07/2016', '03:30:00 PM - 5:29:59 PM', ''),
(364, '0ADB76EB-81F0-43E7-865A-C60E9CEE4A21', '12/07/2016', '01:30:00 PM - 3:29:59 PM', '2', '', 'N/A', 'N/A', 'N/A', '', '', NULL, NULL, NULL, NULL, NULL, NULL, NULL, NULL, NULL, NULL, NULL, NULL, 'ORDER CONFIRMED', '1481092810', '12/09/2016', '01:30:00 PM - 3:29:59 PM', ''),
(365, 'E8B9072B-23A7-4157-B571-B060FC5561D1', '12/08/2016', '07:30:00 PM - 8:29:59 PM', '2', '', 'N/A', 'N/A', 'N/A', '', '', NULL, NULL, NULL, NULL, NULL, NULL, NULL, NULL, NULL, NULL, NULL, NULL, 'ORDER CONFIRMED', '1481174352', '12/10/2016', '07:30:00 PM - 8:29:59 PM', ''),
(366, 'C48581C5-52E5-4E15-A5E9-B20A66B1E7CE', '12/09/2016', '03:30:00 PM - 5:29:59 PM', '1', '', 'N/A', 'N/A', 'N/A', '', '', NULL, NULL, NULL, NULL, NULL, NULL, NULL, NULL, NULL, NULL, NULL, NULL, 'ORDER CONFIRMED', '1481210392', '12/10/2016', '06:30:00 PM - 7:29:59 PM', ''),
(367, 'A5AF4CC4-6850-4498-947A-3FB40102AE3A', '12/09/2016', '11:30:00 AM - 1:29:59 PM', '1', '', 'N/A', 'N/A', 'N/A', '', '', NULL, NULL, NULL, NULL, NULL, NULL, NULL, NULL, NULL, NULL, NULL, NULL, 'ORDER CONFIRMED', '1481259819', '12/11/2016', '08:30:00 PM - 9:30:59 PM', ''),
(368, '62C6640A-2572-4A70-B052-1C6BB8D94968', '12/13/2016', '06:30:00 PM - 7:29:59 PM', '2', '', 'N/A', 'N/A', 'N/A', '', '', NULL, NULL, NULL, NULL, NULL, NULL, NULL, NULL, NULL, NULL, NULL, NULL, 'ORDER CONFIRMED', '1481611328', '12/15/2016', '06:30:00 PM - 7:29:59 PM', ''),
(369, 'C48581C5-52E5-4E15-A5E9-B20A66B1E7CE', '12/16/2016', '07:30:00 AM - 8:29:59 AM', '1', '', 'N/A', 'N/A', 'N/A', '', '', NULL, NULL, NULL, NULL, NULL, NULL, NULL, NULL, NULL, NULL, NULL, NULL, 'ORDER CONFIRMED', '1481811919', '12/18/2016', '07:30:00 AM - 8:29:59 AM', ''),
(370, 'CFFCA348-F657-4C92-93F7-1FEA1A9509B5', '12/17/2016', '10:30:00 AM - 11:29:59 AM', '3', '', 'N/A', 'N/A', 'N/A', '', '', NULL, NULL, NULL, NULL, NULL, NULL, NULL, NULL, NULL, NULL, NULL, NULL, 'ORDER CONFIRMED', '1481896900', '12/19/2016', '10:30:00 AM - 11:29:59 AM', ''),
(371, 'B0B04973-A3BC-47A9-AFFB-AAA942C5B493', '12/17/2016', '11:30:00 AM - 1:29:59 PM', '2', '', 'N/A', 'N/A', 'N/A', '', 'Please also deliver the previous dry cleaning clothes', NULL, NULL, NULL, NULL, NULL, NULL, NULL, NULL, NULL, NULL, NULL, NULL, 'ORDER CONFIRMED', '1481906729', '12/19/2016', '01:30:00 PM - 3:29:59 PM', ''),
(372, 'E8B9072B-23A7-4157-B571-B060FC5561D1', '12/17/2016', '07:30:00 AM - 8:29:59 AM', '2', '', 'N/A', 'N/A', 'N/A', '', 'Please ,I need the clothes on Sunday evening around 6 PM urgently.Can Hello Dhobi Help me.', NULL, NULL, NULL, NULL, NULL, NULL, NULL, NULL, NULL, NULL, NULL, NULL, 'ORDER CONFIRMED', '1481909741', '12/19/2016', '08:30:00 AM - 9:29:59 AM', ''),
(373, '0ADB76EB-81F0-43E7-865A-C60E9CEE4A21', '12/18/2016', '01:30:00 PM - 3:29:59 PM', '2', '', 'N/A', 'N/A', 'N/A', '', '', NULL, NULL, NULL, NULL, NULL, NULL, NULL, NULL, NULL, NULL, NULL, NULL, 'ORDER CONFIRMED', '1482044979', '12/20/2016', '01:30:00 PM - 3:29:59 PM', ''),
(374, '1ACBE030-5A6F-480D-8403-0045BC6C9886', '12/19/2016', '08:30:00 AM - 9:29:59 AM', '1,2', '', 'N/A', 'N/A', 'N/A', '', '', NULL, NULL, NULL, NULL, NULL, NULL, NULL, NULL, NULL, NULL, NULL, NULL, 'ORDER CONFIRMED', '1482115310', '12/21/2016', '08:30:00 AM - 9:29:59 AM', ''),
(375, 'E8B9072B-23A7-4157-B571-B060FC5561D1', '12/26/2016', '08:30:00 AM - 9:29:59 AM', '2', '', 'N/A', 'N/A', 'N/A', '', '', NULL, NULL, NULL, NULL, NULL, NULL, NULL, NULL, NULL, NULL, NULL, NULL, 'ORDER CONFIRMED', '1482629920', '12/28/2016', '08:30:00 AM - 9:29:59 AM', ''),
(376, 'BC2A331B-2C30-4884-9970-B56A27F91C53', '12/25/2016', '08:30:00 PM - 9:30:59 PM', '2,4', '', 'N/A', 'N/A', 'N/A', '', '', NULL, NULL, NULL, NULL, NULL, NULL, NULL, NULL, NULL, NULL, NULL, NULL, 'ORDER CONFIRMED', '1482676128', '12/27/2016', '08:30:00 PM - 9:30:59 PM', ''),
(377, '0ADB76EB-81F0-43E7-865A-C60E9CEE4A21', '12/26/2016', '11:30:00 AM - 1:29:59 PM', '2', '', 'N/A', 'N/A', 'N/A', '', '', NULL, NULL, NULL, NULL, NULL, NULL, NULL, NULL, NULL, NULL, NULL, NULL, 'ORDER CONFIRMED', '1482729000', '12/28/2016', '11:30:00 AM - 1:29:59 PM', ''),
(378, 'CFFCA348-F657-4C92-93F7-1FEA1A9509B5', '12/26/2016', '06:30:00 PM - 7:29:59 PM', '3', '', 'N/A', 'N/A', 'N/A', '', '', NULL, NULL, NULL, NULL, NULL, NULL, NULL, NULL, NULL, NULL, NULL, NULL, 'PENDING', '1482749690', '12/28/2016', '06:30:00 PM - 7:29:59 PM', ''),
(379, '8CB6DB7F-7B16-4AE2-AD1F-3CF9C1A3DE7F', '12/27/2016', '06:30:00 PM - 7:29:59 PM', '2,3', '', 'N/A', 'N/A', 'N/A', '', 'Please schedule the pick up at the given time only , and at the time of delivery please provide proper bill', NULL, NULL, NULL, NULL, NULL, NULL, NULL, NULL, NULL, NULL, NULL, NULL, 'PENDING', '1482830325', '12/29/2016', '06:30:00 PM - 7:29:59 PM', ''),
(380, 'B0B04973-A3BC-47A9-AFFB-AAA942C5B493', '12/28/2016', '10:30:00 AM-11:29:59 AM', '2', '', 'N/A', 'N/A', 'N/A', '', 'Previous dry cleaning clothes to be returned ', NULL, NULL, NULL, NULL, NULL, NULL, NULL, NULL, NULL, NULL, NULL, NULL, 'PENDING', '1482896549', '', '', '');

-- --------------------------------------------------------

--
-- Table structure for table `subscriber`
--

CREATE TABLE IF NOT EXISTS `subscriber` (
  `SUBSCRIBER_ID` int(9) NOT NULL AUTO_INCREMENT,
  `SUBSCRIBER_EMAIL` varchar(150) NOT NULL,
  `CREATED_ON` date NOT NULL,
  `ARCHIVE` varchar(2) NOT NULL DEFAULT 'N',
  PRIMARY KEY (`SUBSCRIBER_ID`)
) ENGINE=InnoDB DEFAULT CHARSET=latin1 AUTO_INCREMENT=1 ;

-- --------------------------------------------------------

--
-- Table structure for table `subscription_package`
--

CREATE TABLE IF NOT EXISTS `subscription_package` (
  `PACKAGE_ID` int(9) NOT NULL AUTO_INCREMENT,
  `PACKAGE_NAME` varchar(200) NOT NULL,
  `LOAD` varchar(200) NOT NULL,
  `VALIDITIY` varchar(100) NOT NULL,
  `PRICING` varchar(100) NOT NULL,
  `DISCOUNT` varchar(100) NOT NULL,
  `SUBSCRIPTION_PRICING` varchar(100) NOT NULL,
  `PICK_UPS` varchar(100) NOT NULL,
  PRIMARY KEY (`PACKAGE_ID`)
) ENGINE=MyISAM  DEFAULT CHARSET=latin1 AUTO_INCREMENT=20 ;

--
-- Dumping data for table `subscription_package`
--

INSERT INTO `subscription_package` (`PACKAGE_ID`, `PACKAGE_NAME`, `LOAD`, `VALIDITIY`, `PRICING`, `DISCOUNT`, `SUBSCRIPTION_PRICING`, `PICK_UPS`) VALUES
(1, 'IRONING', '60', '30', '360', '10%', '320', '4'),
(2, 'IRONING', '90', '45', '540', '12.50%', '470', '6'),
(3, 'IRONING', '120', '60', '720', '10%', '610', '8'),
(4, 'WASH & FOLD', '12', '30', '600', '10%', '540', '4'),
(5, 'WASH & FOLD', '18', '45', '900', '12.50%', '785', '6'),
(6, 'WASH & FOLD', '24', '60', '1250', '15%', '1060', '9'),
(7, 'WASH & IRON', '12', '30', '960', '10%', '860', '4'),
(12, 'IRONING', '150', '90', '900', '-', '810', '10'),
(10, 'WASH & IRON', '18', '45', '1440', '12.50%', '1260', '6'),
(11, 'WASH & IRON', '25', '90', '2000', '15%', '1700', '9'),
(13, 'IRONING', '250', '135', '1500', '-', '1310', '15'),
(14, 'IRONING', '375', '180', '2250', '-', '1910', '25'),
(16, 'WASH & FOLD', '50', '135', '2500', '-', '2085', '18'),
(17, 'WASH & FOLD', '75', '180', '3750', '-', '3000', '27'),
(18, 'WASH & IRON', '50', '135', '4000', '-', '3340', '18'),
(19, 'WASH & IRON', '75', '180', '6000', '-', '4800', '27');

-- --------------------------------------------------------

--
-- Table structure for table `suburb`
--

CREATE TABLE IF NOT EXISTS `suburb` (
  `SUBURB_ID` int(11) NOT NULL AUTO_INCREMENT,
  `SUBURB` varchar(200) NOT NULL,
  PRIMARY KEY (`SUBURB_ID`)
) ENGINE=MyISAM  DEFAULT CHARSET=latin1 AUTO_INCREMENT=29 ;

--
-- Dumping data for table `suburb`
--

INSERT INTO `suburb` (`SUBURB_ID`, `SUBURB`) VALUES
(8, 'Balewadi'),
(9, 'Baner'),
(10, 'Aundh'),
(11, 'Khadki'),
(12, 'Dapodi'),
(13, 'Bopodi'),
(14, 'Sanghvi'),
(15, 'Pashan'),
(16, 'Bhosale Nagar'),
(17, 'Ashok Nagar'),
(18, 'Gokhale Nagar'),
(19, 'Deep Bangla Chowk'),
(20, 'Model Colony'),
(21, 'Pimple Saudagar'),
(22, 'Pimple Nilakh'),
(23, 'Wakad'),
(24, 'Pimple Gurav'),
(25, 'Hinjewadi'),
(26, 'Kalewadi'),
(27, 'Rahatni'),
(28, 'Thergaon');

-- --------------------------------------------------------

--
-- Table structure for table `types`
--

CREATE TABLE IF NOT EXISTS `types` (
  `TYPE_ID` int(2) NOT NULL AUTO_INCREMENT,
  `TYPE` varchar(50) NOT NULL,
  PRIMARY KEY (`TYPE_ID`)
) ENGINE=InnoDB  DEFAULT CHARSET=latin1 AUTO_INCREMENT=5 ;

--
-- Dumping data for table `types`
--

INSERT INTO `types` (`TYPE_ID`, `TYPE`) VALUES
(1, 'Wash & Fold'),
(2, 'Ironing'),
(3, 'Wash & Iron'),
(4, 'Dry Clean');

-- --------------------------------------------------------

--
-- Table structure for table `user`
--

CREATE TABLE IF NOT EXISTS `user` (
  `USER_ID` varchar(40) NOT NULL,
  `FULL_NAME` varchar(50) NOT NULL,
  `MOBILE_NUMBER` varchar(10) NOT NULL,
  `STATE` varchar(50) NOT NULL DEFAULT 'Maharashtra',
  `CITY` varchar(50) NOT NULL,
  `ZIP` varchar(7) NOT NULL,
  `SUBURB` varchar(50) NOT NULL,
  `ADDRESS` varchar(150) NOT NULL,
  `LANDMARK` varchar(100) NOT NULL,
  `EMAIL` varchar(50) NOT NULL,
  `PASSWORD` varchar(50) NOT NULL,
  `encrypted_password` varchar(1000) NOT NULL,
  `VERIFICATION_CODE` varchar(60) NOT NULL,
  `ARCHIVE` varchar(1) NOT NULL DEFAULT 'Y',
  `CREATED_ON` varchar(60) NOT NULL,
  PRIMARY KEY (`USER_ID`)
) ENGINE=InnoDB DEFAULT CHARSET=latin1;

--
-- Dumping data for table `user`
--

INSERT INTO `user` (`USER_ID`, `FULL_NAME`, `MOBILE_NUMBER`, `STATE`, `CITY`, `ZIP`, `SUBURB`, `ADDRESS`, `LANDMARK`, `EMAIL`, `PASSWORD`, `encrypted_password`, `VERIFICATION_CODE`, `ARCHIVE`, `CREATED_ON`) VALUES
('000CBD7A-2777-476F-84AB-5C1BAD238BBD', 'Sumit Nurai', '8087430142', 'Maharashtra', '', '411021', '15 ', 'A 903 Mont Vert Biarritz 2, baner pashan link road', 'Next to magnolia apartment', 'sumit.nurai@gmail.com', 'sumit@25', 'b71b5a1683bb7e2e52ab1013135baf09de813a1c83ede70196e7fa2140c750696f158b9239093607524fa65073b7ab10a3912c83bb0bf954892e6146c028879e', '6d96718a701f5bfba283bbdc71dfa5c4', 'N', '1474538198'),
('069F6B3A-B67C-4E47-81FE-7E3058DE7450', 'Surbhi Verma', '9923113254', 'Maharashtra', 'Pune', '411016', '18', '47-A B.G.Naik Gharkul Hanuman nagar Senapati Bapat Road ', 'Near Vardhman Pratisthan (Jain Mandir)', 'surbhiverma996@gmail.com', 'heydhobi', '', '2ef35a8b78b572a47f56846acbeef5d3', 'N', '1472532877'),
('0ADB76EB-81F0-43E7-865A-C60E9CEE4A21', 'Deepti sharma', '7720044334', 'Maharashtra', 'Pune', '441145', '9', 'B2 801, Cosmos Regency\r\nBale wadi phata', 'Maharashtra', 'deepti_sharma45@yahoo.com', 'kannamma1', '', 'e9510081ac30ffa83f10b68cde1cac07', 'N', '1469947066'),
('0B6DAB4D-65A1-4DD0-AA78-3D96BC8A7245', 'Kasturkunj Cooperative Housing Society Ltd', '9075076961', 'Maharashtra', 'Pune', '411007', '16', '10 Kasturkunj co-op. Housing Society Ltd', 'ICS Colony, near Cosmos Bank', '10.kasturkunj@gmail.com', 'kasturkunj2016', '', '8844c5f00372df2c3c4ee857c2451b45', 'N', '1476527415'),
('0DAB6FA0-CBE5-4530-842B-77C60D1D4116', 'Priyanka lata', '9657721491', 'Maharashtra', 'Pune', '411045', '9', 'red moments,shop no.5\r\nopp. prime rose mall,baner road,baner', 'maharashtra', 'lahotipriyanka8@gmail.com', 'heydhobi', '', 'c5ad7d5c8e1cd311a06a038f2510bfdc', 'N', '1475157112'),
('0F3F9841-7CAB-42EF-BE59-99C6EE0A77D8', 'anoop kothari', '7757984746', 'Maharashtra', 'Pune', '411006', '17', '100 jai jawan nagar, near shadal baba darga, yerwada', 'maharashtra', 'anoop.k270@gmail.com', '7757984746', '', '0b9b6d6d154e98ce34b3f2e4ef76eae9', 'N', '1473611782'),
('0FF9FEE0-D700-47B1-84F2-259715753556', 'Deepak', '8087238710', 'Maharashtra', 'Pune', '411045', '9', 'A4 404 Aldea Espanola puraniks ', 'Near orchid hotel ', 'deepakbolia@gmail.com', 'eekaba', '', 'c4bf1e24f3e6f92ca9dfd9a7a1a1049c', 'N', '1466102478'),
('115D4920-7BF3-49D7-9308-705649CD6FAF', 'Manish Gupta', '9712979798', 'Maharashtra', 'Pune', '411007', '10', '5C-17, Siddharth Nagar, Phase-1', 'Near City International School', 'manish2k2@gmail.com', 'manish1603', '', '51da85a3c3dfa1f360b48852b64218b2', 'N', '1475911910'),
('159E7CF4-25C2-4B06-9A8F-C8F0EFE41190', 'Shubham', '9899878448', 'Maharashtra', 'Pune', '411045', '8', 'Nicmar gate no 2', 'Mitcon', 'shubhamsahay244@gmail.com', '12345678', '', '9f8785c7f9b578bec2c09e616568d270', 'N', '1471966072'),
('179988A3-2102-4D08-9C85-492B15A9B564', 'Raspreet Ahuja', '9582806620', 'Maharashtra', 'Pune', '', '9', 'Flat 304, shubh shree apartments', 'TVS Showroom', 'raspreet.a@gmail.com', 'thedarkknight', '', 'e0f19f64f086e393ceb0cf4a8c561b51', 'N', '1465214923'),
('18A26136-230B-4A4B-9AA7-D864ADE1E193', 'Vaibhav Kumar', '9650344102', '', 'Pune', '411007', '10', 'Flat no. 13, Vanshree Vihar Appt., Anudh Baner Residency, Baner Road', 'Near Nexa Showroom', 'kumarvaibhav886@yahoo.com', 'vaibhavkumar', '', '240c945bb72980130446fc2b40fbb8e0', 'Y', '1463553447'),
('192FE6A0-1757-4890-8442-1CBA4988E52F', 'shruti anjaria', '9769417727', 'Maharashtra', 'Pune', '411021', '9', '506 b wing meadows habitat', 'Baner pashan link road', 'shrutihsoni@gmail.com', 'heydhobi', '', 'aba53da2f6340a8b89dc96d09d0d0430', 'N', '1479392333'),
('19F95873-E61C-4DCE-984E-14331233021E', 'Dheeraj Bang', '9975346222', 'Maharashtra', '', '411021', '9 ', 'Flat # 604 , Sheshadri Heights, Near HDFC Bank ,Baner Pashan link Road ,Pune -411021', 'Near HDFC Bank . Baner Pashan link road', 'dheeraj.bang@gmail.com', 'Asd@1234', '', '98afdcc1ebd85daa0f1749c5e56b9d8c', 'N', '1466840899'),
('1ACBE030-5A6F-480D-8403-0045BC6C9886', 'Swaminathan ', '7387006246', 'Maharashtra', 'Pune', '411045', '8', 'A12/28 COMFORT ZONE, BANER-BALEWADI ROAD', 'NEAR NEW ERA BAKERY', 'swaminathan17@yahoo.com', 'Welcome1', '', '2cbca44843a864533ec05b321ae1f9d1', 'N', '1475990915'),
('1B90F923-A751-44CF-848B-1742CE26263E', 'Seokyung Yoon', '9158605531', 'Maharashtra', 'Pune', '411045', '9', 'House No. 16 , Paradise Co-Op Housing Society, Near Big Bazar, Baner Road, Pune', 'Maharashtra', 'skyoon@unp.co.kr', 'actsindia1106', '', 'f8b7aa3a0d349d9562b424160ad18612', 'N', '1475139798'),
('1D6767B1-DE2F-49C8-93C7-70C4E9B426BE', 'Vishwanath', '8805342600', '', 'Pune', '411045', '9', '102, Orean Apartments, Pan Card Club Road', 'Beside Cellars wine', 'khviyer@gmail.com', 'heydhobi', '', '07ff46bb6597a4f81eed4f59360ff835', 'Y', '1463553447'),
('1E7BCB39-42DE-4232-B417-2D6043B45B3E', 'Nidhi jain', '9890998500', 'Maharashtra', 'Pune', '411045', '9', 'Yahvi, 279 street 5 pallid farm phase 2', 'Behind Mauli petrol pump', 'nidhijain@pridegroup.net', 'mishri98', '', 'e9257036daf20f062a498aab563d7712', 'N', '1465468569'),
('2179FD51-FE3B-45FA-9084-02158B0FF084', 'Ankit', '9765366997', 'Maharashtra', 'Pune', '411007', '10', '10, Dishant appt., Deepa co. hos. soceity, Bremen circle, Aundh, Pune (411007)', 'Bank of Maharashtra', 'ankit.dhanotiya04@gmail.com', 'Ankit@123', '', '8b4224068a41c5d37f5e2d54f3995089', 'N', '1465716161'),
('2358317E-B23F-4302-A63D-58DD4720748C', 'Ashish Bafna', '8796848544', 'Maharashtra', 'Pune', '411016', '20', 'SHND JAIN BOARDING', 'Maharashtra', 'ashishbafnadon89@gmail.com', 'ashish0054', '', '0d8f8313c83e69d101e8997d3065fbff', 'N', '1475263240'),
('251A61FF-5EC5-4B80-A6BD-E1840F5E3C7F', 'Raunak pamnani', '9960610083', 'Maharashtra', 'Pune', '411004', '', '102 erandwane prabhat road pune', 'Kalmadi primary school', 'mastermind28555@hotmail.com', 'hariom#1991', '', '9219adc5c42107c4911e249155320648', 'Y', '1481654153'),
('27847112-8E8B-41E6-92F4-4EF2A4CC6B9C', 'Alka Bohra', '9819861336', '', 'Pune', '411007', '10', '601/602, H5 Belvedere, ITI road, Aundh', 'Opp Ozone Mall', 'alkabohra1@gmail.com', 'heydhobi', '', 'a82d922b133be19c1171534e6594f754', 'Y', '1463553447'),
('284E3275-ABD4-45B6-887C-9D36234E75E9', 'Dr Madhavi Sapre', '9421774086', 'Maharashtra', 'Pune', '411007', '10', 'C1/104,Vishakha, DSK Akashganga, nagras road,Aundh', 'Near medipoint hospital', 'msapre2k@yahoo.com', 'ashwin1503', '', 'eab0141b79354969d1edd234fbc07422', 'Y', '1466478027'),
('29EE3EA4-3A92-49E8-BE9D-EABDFD763DDD', 'Anurag Poddar', '8007990674', 'Maharashtra', 'Pune', '411007', '10', 'I - 301, Rohan Nilay 1, Aundh Road', 'Near Spicer College', 'anuragpodd@gmail.com', 'heydhobi', '', '9ac5a6d86e8924182271bd820acbce0e', 'N', '1464782400'),
('2E1D0697-7B0B-4469-AAF3-B6EBEDC82F1C', 'Ashwini Adhikari ', '9637389443', 'Maharashtra', 'Pune', '411016', '18', '323/35 Panchmukhi Maruti mandir, Right from patrakar Nagar, Gokhale Nagar. ', 'Patrakar Nagar ', 'ashwiniadhikari08@gmail.com', 'uttamadhikari', '', '7edfd52220e2032e7281061c82401195', 'N', '1468404000'),
('325ABC6D-2723-4F9C-8DBF-D9DF526706CB', 'Vinayak Mudgal', '9967428458', 'Maharashtra', 'Pune', '411037', '15', 'A/28, Sai Vihar Society, Sutarwadi Road, Sai Chowk.', 'Sai Chowk, Sus road', 'vin.mudgal@gmail.com', 'Heydhobi123', '', '24f0d2c90473b2bc949ad962e61d9bcb', 'N', '1480734912'),
('33FEA1E0-F4C2-4F43-9F17-697782E8B58C', 'Pratibha Talpade', '9561409900', 'Maharashtra', 'Pune', '411045', '9', 'A-401 Baner Balewadi Road ', 'Next to Comfort Zone', 'pratibha.iyengar@gmail.com', 'concor12', '', '0ef037ce94ff9b7930d095a7e2ffee1f', 'N', '1476841930'),
('3452AA9A-D65F-48D8-BFEB-90701057EDFC', 'salman', '7894651230', 'Maharashtra', 'Pune', '411058', '25', 'Pune, Cognizant Hinjewadi phase 1, h2 building', 'None (International)', 'me.pieta@gmail.com', 'sabya8', '', 'bb1443cc31d7396bf73e7858cea114e1', 'N', '1474052133'),
('346996BD-8A8B-4067-ABD3-3FE16B5B80A5', 'salman khan', '9876543210', 'Maharashtra', 'Pune', '411058', '25', 'Pune, Cognizant Hinjewadi phase 1, h2 building', 'None (International)', 'savi.freelance@gmail.com', 'sabya8', '', 'bc4e356fee1972242c8f7eabf4dff517', 'Y', '1474052012'),
('357D04E0-2CE5-4982-BEEF-47BA7B273640', 'Kanti Swarup Payasi', '8380072858', 'Maharashtra', 'Pune', '411021', '15', 'Flat no 5 Plt no 69 Vardayni Society', 'Near Sai chowk', 'payasi123456@gmai.com', 'payasi', '', 'e48a900a95c8e0a3db31da9fbad6866e', 'Y', '1466478027'),
('35C99092-4057-4FB7-88BD-9351957DC78D', 'Devansh rai', '9806653110', 'Maharashtra', 'Pune', '411045', '8', 'Sjb hostel nicmar college', 'Infront of balewadi stadium', 'devansh006@gmail.com', '53110', '', '8b4066554730ddfaa0266346bdc1b202', 'N', '1479018742'),
('36EE23F1-7BFA-4325-B4B8-FDB3C951186F', 'Anita Shamani', '9822976049', 'Maharashtra', 'Pune', '4110045', '9', '601 b u bhandari hillside II ', 'Opp lenskart and royal enfield shrm', 'anitashamani19@gmail.com', 'sweetaashna', '', 'a1d7311f2a312426d710e1c617fcbc8c', 'N', '1464782400'),
('37373E7A-9F8B-4CF3-8E6D-3121F287F9AA', 'Amit', '9730033333', 'Maharashtra', 'Pune', '411020', '17', '35 d Sylvan retreat Opp.icici atm Range hill rd Shivajinagar ', 'Wynk lounge ', 'amit-jain@hotmail.com', '30007', '', '4de81d9105c85bca6e6e4666e6dd536a', 'N', '1471571486'),
('378362C9-3D46-4D3B-98C8-B2F39DA3CFB9', 'Swapnil', '7535866442', 'Maharashtra', 'Pune', '411008', '15', 'MTI Trainees Hostel', 'MTI, NEAR IITM', 'swapnilbathe@gmail.com', '12345', '', 'ef4c88811e3816f40407421553982e89', 'N', '1475316274'),
('38C92375-B58B-4F3E-B679-223BB4560807', 'Swapnil Patil', '7798640050', 'Maharashtra', 'Pune', '411021', '9', 'F.no 201, Nea Project, near Bella Casa, Baner-Sus, S. no 41/2, Near Mumbai-Pune Express highway,', 'Near Bella Casa Society, ', 'patilswapnilv@gmail.com', 'Aailoveu2370!', '', '25caef3a545a1fff2ff4055484f0e758', 'N', '1474203510'),
('393F7288-20B5-43FE-9116-AACC6581AA22', 'Kunal Kalyanrao  Pawar ', '7219237527', 'Maharashtra', 'Pune', '411008', '9', 'B/30,nikash skies Pashan ', 'Near rajwada hotel baner', 'kunalpawar12345@gmail.com', '29101992kunal', '', '5b168fdba5ee5ea262cc2d4c0b457697', 'N', '1466751320'),
('3BE6BD77-4D0B-4C40-9C80-72EE305637C6', 'Ashish Oza', '9975224511', 'Maharashtra', 'Pune', '411007', '10', '6-C-5/18 Siddharthnagar Phase 1', 'Near City International School', 'ashishoza77@gmail.com', 'dezire77', '', 'f490d0af974fedf90cb0f1edce8e3dd5', 'N', '1465812000'),
('3C4C585F-FC21-430C-AEFE-AAFD2E9A9167', 'Nemiraj Dhoka', '9970159098', 'Maharashtra', 'Pune', '411007', '8', '3D/9, Siddharthnagar, Phase -1, near cosmos bank', '', 'nemirajdhoka@gmail.com', 'nemiraj22', '', '488e4104520c6aab692863cc1dba45af', 'N', '1465193472'),
('3DD1499F-D4A4-4823-A05F-1D97F7625E35', 'Ankit Jindal', '8805430500', '', 'Pune', '411045', '8', 'A10-33, Comfort Zone Soc., Balewadi', 'Maharashtra', 'ankit.jindal014@gmail.com', 'ankitjindal', '', 'c7502c55f8db540625b59d9a42638520', 'Y', '1466938800'),
('3ED63C09-48CC-4FB2-A246-CF29317A401D', 'Shweta aswani', '8805294694', 'Maharashtra', 'Pune', '411027', '', 'B 201 silver mist opposite snbp school Kokane Chowk rahatani', 'Opposite snbp school', 'shweta.21.aswani@gmail.com', 'manish07', '', '99503bdd3c5a4c4671ada72d6fd81433', 'N', '1470217849'),
('3F7A3A10-5FBB-4EF5-A492-EC29D7E64271', 'Tarun Gupta', '9689554906', 'Maharashtra', 'Pune', '411045', '8', 'A 11, 10 Comfort Zone ', 'Near Era Bakery', 'tarung27@gmail.com', 'madhuban', '', '146f7dd4c91bc9d80cf4458ad6d6cd1b', 'N', '1475320314'),
('3FAFCA8B-D6E9-4995-B46B-18732AEE8DC0', 'Ajinkya Lathkar', '9421935504', 'Maharashtra', 'Pune', '411007', '10', 'Flat no. 6, building no. 1, jagdish nagar co-operative society', 'Kendriya vidyalaya ', 'ajinkyalathkar@gmail.com', 'Ajinkya@1234', '', 'fc322c6bd467dc6e4a70ece4ce0245f8', 'N', '1471750603'),
('3FD7D2B7-F97F-4B1D-8DD7-FB30E9F1F1FC', 'Aashutosh Dubey ', '8827009009', 'Maharashtra', 'Pune', '411027', '10', 'Vidhate Vasti Omkar regency ', 'Ambedkar Chowk', 'beingaashutosh9009@gmail.com', 'mama1111', '', 'f5c150afbfbcef941def203e85cf40bc', 'N', '1464260400'),
('46C5E4A3-C359-45B7-9EC8-74E11E911DD9', 'Shronit nahata', '7030990765', 'Maharashtra', 'Pune', '411041', '9', 'Flat number-5, runwal sarowar', 'Opp mauli petrol pump', 'nahatashronit@gmail.com', 'shronit009', '', '987b75e2727ae55289abd70d3f5864e6', 'Y', '1466938800'),
('4A71614D-F065-49D9-BC4A-3C5CA36044E7', 'Ravi Nath', '9657715771', 'Maharashtra', 'Pune', '41107', '10', 'Annapurna Apts, Sanewadi, IT Rd, Aundh ', 'Near Sylvan Heights', 'ravinath@mongagroup.com', 'whiteflower', '', '2321994d85d661d792223f647000c65f', 'Y', '1466478027'),
('4A9D5485-68B1-41E9-A77C-56D5B6BEED8D', 'Hrishikesh Mohite ', '9604971777', 'Maharashtra', 'Pune', '411007', '10', 'C14 Rachana Garden Estate, Jagdish Nagar, Aundh Road Pune ', 'Jagdish Nagar Statue', 'hrishikeshmohite@ymail.com', '9604971777', '', 'e546594ad40b116388b50d48c6955f2b', 'Y', '1470226185'),
('4C71AD28-F390-4585-9CCC-3BCB0B06AE94', 'Abhishek Shukla ', '7755901518', 'Maharashtra', 'Pune', '411045', '9', 'Flat 101, B wing, Twin Nest, Rajwada Hotel lane ', 'Near Rajwada Hotel ', 'abhishekshukla18391@gmail.com', 'Iamsherlock1!', '', '9ed27554c893b5bad850a422c3538c15', 'N', '1470564513'),
('5019270A-B2AA-4E59-9153-1D33D26CFCD0', 'Bhagyalakshmi Raman', '9923180948', 'Maharashtra', 'Pune', '411017', '27', 'C-501, Element -5, ', 'Behind Shivar Garden Restaurant, opp Sunshine Villa', 'raman.1001@yahoo.com', 'harini01', '', 'ae31ee951b4d4bfb5518e0fcdc064a83', 'N', '1473616130'),
('546ED3E7-4D67-4B38-9AAF-0296E7F8A769', 'Sana Oswal', '9503374666', 'Maharashtra', 'Pune', '411007', '10', '17/9D, II Phase, Siddharth Nagar, Aundh, Pune-411007', 'Rajiv Gandhi Bridge', 'sanasoswal@gmail.com', 'sarapoortisana', '', '8c96a3d5e1a41ee7925daa5a4dc0c25a', 'N', '1475404899'),
('56876F34-161F-4A8F-A4B0-63E491BDC76E', 'Seema Gadkari', '7768045554', 'Maharashtra', 'Pune', '411017', '27', 'C 707', 'Near Balaji Tyres', 'Seemagadkari@gmail.com', 'heydhobi', '', 'd0379e4d73faa565d3e7f22b307c80f7', 'N', '1473746904'),
('56907037-FC71-4BEC-B1D6-33A2FC145DFC', 'Payal Satpal Vig', '9975173453', 'Maharashtra', '', '411045', '9 ', 'B 106, Sadafulee, Besides Poonawala Filli Villa', 'Nandan Prospera', 'vigpayal9@gmail.com', 'payalvig123', '', '084afd913ab1e6ea58b8ca73f6cb41a6', 'N', '1472488326'),
('62C6640A-2572-4A70-B052-1C6BB8D94968', 'Suresh Babu P', '9742271168', 'Maharashtra', 'Pune', '411057', '25', 'F 1204, Sangria Megapolis Hinjewadi phase 3', 'Megapolis', 'pendemsuri@gmail.com', 'omsairam1@3', '', '653cd6f9efefe6d273e2c116d2a6b765', 'N', '1478236017'),
('65B8E8EB-F099-41C1-B976-ECB1DDBA423E', 'Vasantha Priya', '9850548640', 'Maharashtra', 'Pune', '411047', '23', 'Row House 10 Edenn Garden', 'Hinjawadi Fly over', 'mvpriya98@gmail.com', 'snowy1@3', '', 'a957aa96221d0b7cb99ab072eaed7bf9', 'Y', '1480678100'),
('663AAB3D-2220-4284-BD75-393C07B27E17', 'Pratik Satish Swami', '8888827616', 'Maharashtra', 'Pune', '411007', '10', 'Rajnigandh Society, A-1, R.B.I quaters aundh', 'near hotel pichola', 'pratikvivek@gmail.com', 'wagnorfz3600', '', '12e59a33dea1bf0630f46edfe13d6ea2', 'N', '1464782400'),
('68D8E395-108F-4F16-B7C7-1C72C6D8E7C4', 'Abhishek kumar singh', '9823184293', 'Maharashtra', 'Pune', '411007', '10', 'Flat no.-302, 3rd floor, Vullari Apartment, Gulmohar Park Lane, ITI Road, Aundh', 'Near ICICI Bank', 'abhishek.singh0211@gmail.com', 'abhi0211', '', '9ceee7501ba30946fab8728aec06a9f5', 'N', '1471682864'),
('6A8A71CE-80A1-4236-8A93-D02BC70ED120', 'Yogini Gholap', '9860512827', 'Maharashtra', 'Pune', '411033', '28', 'Bhjbal heights, flat no. 402, s.no. 331/332, punwale, Pune 411033', 'Near talathi office', 'yogini.gholap@gmail.com', 'yogini#123', '', '44590aa922914066f965ae67be0222d2', 'N', '1476590256'),
('6AFDF0D1-AAED-43EB-B9CD-2334B594FA3E', 'lucky jain', '7744888166', 'Maharashtra', 'Pune', '411007', '16', '', 'near laxmi super market', 'lucky.jain203@gmail.com', 'luckyjain111', '', '65699726a3c601b9f31bf04019c8593c', 'Y', '1470299430'),
('6DBAB11E-E7A3-47CA-AA56-66DDBD9F2ABB', 'A Shaheen Akhta', '9730252098', 'Maharashtra', 'Pune', '411045', '8', 'Nandan Acura,Flat No 203,B wing ', 'Near Cummines Company', 'shaheen23akhtar@gmail.com', 'mamoni23', '', '86b3e165b8154656a71ffe8a327ded7d', 'N', '1466478027'),
('739BC17B-4D09-43B2-872B-4BB275719503', 'Alisha chhabra', '7387989718', 'Maharashtra', 'Pune', '411057', '25', '', 'Megapolis', 'alisha.chhabra@gmail.com', 'fakeworld', '', '8c26d2fad09dc76f3ff36b6ea752b0e1', 'N', '1479205283'),
('7B68BCCB-A458-462F-B227-F96276618239', 'Jothiswaroop', '9962587815', 'Maharashtra', 'Pune', '411015', '8', 'NICMAR, 25/1, NIA post, Balewadi', 'MITCON college', 'joesprem@gmail.com', 'joeiyer06', '', '5fd0245f6c9ddbdf3eff0f505975b6a7', 'N', '1472132181'),
('7DF0DC06-612D-4E9D-BF1E-27A277DDA3C2', 'Wilwin Lewis', '9930009763', 'Maharashtra', 'Pune', '411057', '25', 'A19-1304, Splendour , Hinjewadi Phase 3', 'Megapolis', 'tauro.mary2@gmail.com', 'M2ryT2ur0', '', '9dc603ead062664055f36b11fe0cad61', 'Y', '1478944386'),
('80C469E5-FD4E-44ED-BE83-E545F92AA96E', 'Sagar Modak', '9923044418', 'Maharashtra', 'Pune', '411017', '21', 'A-1204, Royal Rahadki Greens, Rahatani Road', 'Konkane Chowk', 'sagarcanbefound@gmail.com', 'jioeldeevay', '', 'b24d21019de5e59da180f1661904f49a', 'N', '1472793762'),
('82818824-367D-4659-B249-1B91AC9DBC90', 'lucky jain', '7744888166', 'Maharashtra', 'Pune', '411007', '16', 'Flat-16,b-2,brahama memories,bhoasale nagar,pune', 'near laxmi super market', 'lucky.jain203@gmail.com', 'luckyjain111', '', 'dc91d6e23d859879bbaf0a9d7f27fb77', 'Y', '1470299487'),
('85C2921C-5695-4237-A06F-B0312E66353B', 'Jacob Joseph', '9860099321', 'Maharashtra', 'Pune', '411008', '9', '112 B Wing, Sarala Roses, Baner Road', 'Nr Hotel Rajwada', 'jacob.joseph411@gmail.com', '12cyberella34', '', '0a66e17d3ccde15bdecb253e7e293294', 'N', '1466689147'),
('870C7C01-8861-47B0-8376-866DB3A92A1E', 'Sagar Sunil Joshi', '9960609707', 'Maharashtra', 'Pune', '411021', '9', 'L - 10, Kubera Bahar,\r\nBaner - Pashan Link Road,', 'MH', 'sagarjoshi90@gmail.com', 'p89V51rd2', '', 'db116b39f7a3ac5366079b1d9fe249a5', 'N', '1474197499'),
('89920CCB-C716-48E4-8E65-BF6041B5276F', 'Anupama Deshmukh', '9823086881', 'Maharashtra', '', '411045', '8 ', 'S.No. 17/06, Unit II, Yash Villa, New Era bakery lane, Opposite Comfort Zone, Baner Balewadi road, Balewadi', 'Maharashtra', 'deshmukh_anupama@yahoo.co.in', 'anupama', '', '3b2d8f129ae2f408f2153cd9ce663043', 'N', '1476593854'),
('89D047FF-6A66-41DA-B8A5-FC692E028FC3', 'Pallavi Lowalekar', '9850575330', 'Maharashtra', 'Pune', '411045', '8', 'E 901 Vascon Willows, Baner balewadi road ', 'Next to comfort zone', 'pallavitanvi@yahoo.com', 'abcde14', '', '8726bb30dc7ce15023daa8ff8402bcfd', 'Y', '1472275612'),
('89E33675-D5A1-4C90-AE12-69F1B853FC40', 'Nomi Mathew Varghese', '9890715366', 'Maharashtra', 'Pune', '411035', '', 'B-603,Shubhashree Residential, Phase-2, Akurdi, PUNE.', 'Jai Ganesh INOX Theatre', 'blessymathew29@gmail.com', 'Godislove11', '', '4d95d05a4fc4eadbc3b9dde67afdca39', 'N', '1477027850'),
('8BD334A8-C7B6-408B-9DD4-C4DE72EC667E', 'Shiva nand', '9403355932', 'Maharashtra', 'Pune', '411017', '21', 'C 401, Dwarka Queens Park', 'Rainbow Plaza', 'nand_shiva@yahoo.com', 'Vijay123sn', '', '4324e8d0d37b110ee1a4f1633ac52df5', 'N', '1465739546'),
('8CB6DB7F-7B16-4AE2-AD1F-3CF9C1A3DE7F', 'abhinav shrivastava', '8447485984', 'Maharashtra', 'Pune', '411033', '23', 'D1 1205 aksher elementa , near bhumkar chowk tathawade  wakad', 'beside balaji collage', 'shrivastavabhinav231@gmail.com', 'abhinav123', '', '0a1bf96b7165e962e90cb14648c9462d', 'N', '1471499559'),
('8CC5FCA4-AA1A-43A5-9E5D-BF4B55C38738', 'SUSHANT JAWALKAR', '9970071134', 'Maharashtra', 'Pune', '411045', '8', 'FLAT NO 401 , CITRINE BUILDING EMERALD PARK BALEWADI ', 'BEHIND MITCON COLLEGE ', 'sushant158@rediffmail.com', 'jawalkar15880', '', '703957b6dd9e3a7980e040bee50ded65', 'N', '1469078950'),
('901AD18A-CF4E-4BC4-A934-B269C445E74B', 'JAYANT MOHAPATRA', '7710077736', 'Maharashtra', 'Pune', '411045', '8', 'PURANIKS ALDEA ESPANOLA, A1-103', 'BESIDE MAHALUNGE POLICE OUTPOST AND OPP. TO ORCHID HOTEL', 'jayant41@gmail.com', '294865', '', '139f0874f2ded2e41b0393c4ac5644f7', 'N', '1465731384'),
('902B31DB-7ABF-4808-BA7B-D07B1044391E', 'Nikita Pai Oruganty', '9673765598', 'Maharashtra', 'Pune', '411045', '9', 'Row house 3, Lavender classic, survey no.87\r\nNear Ganraj mangal karyalay, Behind Kalamkar complex, near ESIC office, Baner', 'Maharashtra', 'nikita.pai1801@gmail.com', 'Shopping09', '', '1e8a19426224ca89e83cef47f1e7f53b', 'N', '1472379066'),
('908BFA32-1BF2-41BE-AEC3-7592F71D12A4', 'Prakash Gupta', '8888797979', 'Maharashtra', 'Pune', '411045', '8', 'B301 Sapphire park ', 'Before Aura', 'guptapi@hotmail.com', 'sunny', '', 'a0f3601dc682036423013a5d965db9aa', 'N', '1469090519'),
('92DE200B-9933-4BB8-AAAB-793B7350E6E2', 'Ankita Saha', '9881746009', 'Maharashtra', 'Pune', '411007', '10', '260/2/13, Runwal Sanjog, Ganesh Baug, flat 401', 'Lane near Punjab National Bank', 'ankitajalan@gmail.com', '046082', '', 'bc37e109d92bdc1ea71da6c919d54907', 'N', '1480402776'),
('9453B4A8-E7BF-4B32-9E0B-E91421B1E3C1', 'Prashant Almel', '9096115541', 'Maharashtra', 'Pune', '400108', '24', '317/2010 sant tukaram nagar pimpri pune 411018', 'near Y.c.m hospital', 'djprankproduction@gmail.com', 'Catherine2928', '', '20ef119e812e178ecb44efa448b57ebc', 'N', '1464872400'),
('94DBD25C-55CD-4672-B48E-ECDF04C27ADD', 'Amit Pachpande', '7030522322', 'Maharashtra', 'Pune', '411057', '23', 'E-1001, MONT VERT TROPEZ, KASPATE WASTI', 'NEXT TO KALPATARU HARMONY, BEHIND SHOURYA HOTEL', 'amitp.net@gmail.com', 'rocking01', '', '947018640bf36a2bb609d3557a285329', 'N', '1466478027'),
('96EDEBCF-1FC8-4360-B7B6-0B32DE3D2657', 'Vidhi Mehta', '9987997622', 'Maharashtra', 'Pune', '411045', '8', 'C-804, Rutuparna society, Baner-Balewadi Road, Pune - 411045', 'Maharashtra', 'vd15.90@gmail.com', 'Vidhi@HeyDhobi', '', '12ffb0968f2f56e51a59a6beb37b2859', 'N', '1476942546'),
('986A7D2D-6695-427C-BCA6-96A2428ED3A6', 'Sandip', '9860104515', 'Maharashtra', 'Pune', '411027', '14', '1, Mhokar Raj Park, Spicer Road, Shitole Nagar, Old Sangavi, Pune', 'Above Indore Farsan & Sai beer shopee (between petrol pump & Shitole nagar ganesh temple)', 'sandipsonje@gmail.com', 'pallavi30', '', '247d87b085efdb305fa6583ccf1a9f54', 'N', '1471002216'),
('9F257FAD-04E6-48DC-8488-E0DEC5B6D354', 'Swaraj Vij', '7972612348', 'Maharashtra', 'Pune', '411045', '8', '25/1, balewadi, NIA Post office', 'NIA Post Office', 'swaraj.vij@gmail.com', '9899330655', '', '1b486d7a5189ebe8d8c46afc64b0d1b4', 'N', '1479541155'),
('9FF531CF-30F5-4F44-AA2E-BE78BEF612FB', 'testing', '9004716777', '', 'Pune', '400037', '8', 'testing', 'testng', 'testing@gmail.com', 'testing', '', '32946eacaab4639ee110c472b165f5f5c4009d60', 'N', '1464782400'),
('A09AECAC-1992-417F-AC77-4C263215DF6F', 'Kanika G', '9423568296', 'Maharashtra', 'Pune', '411007', '10', 'A3/45,Royal Orchard, Wireless Colony', 'Opp Mc donalds', 'canshere@gmail.com', 'cans1312', '', '3488330ba18d83e3d0ab177178ca66eb', 'N', '1465530806'),
('A0A374E1-B9E9-4773-8F89-E8927464E31A', 'Mahesh Gupta', '8600994778', 'Maharashtra', 'Pune', '411045', '8', 'B-802, Supreme Palms\r\n, Balewadi, Baner', 'Opposite Comfort Zone', 'mahesh_kumarg@yahoo.com', 'mahesh777', '', '29405e2a4c22866a205f557559c7fa4b', 'N', '1471669633'),
('A0BBA63F-84C6-4DD3-9E01-F5201388AEE9', 'kedar jaju', '9970363738', 'Maharashtra', 'Pune', '411007', '17', 'Flat no 9, A2 wing, Bhosale Paradise, Bhosalenagar', 'Opp symphony hotel', 'kedarjaju777@gmail.com', 'sharming', '', '94ef7214c4a90790186e255304f8fd1f', 'N', '1473481490'),
('A1CE5634-7CC2-4B2E-8409-05E5AE32A486', 'Ganpat', '1234567890', 'Maharashtra', 'Pune', '411041', '10', '23aspl', 'aundh', 'ganpatpatil22@gmail.com', 'ganpat123@', '', 'a8345c3bb9e3896ea538ce77ffaf2c20', 'Y', '1473425655'),
('A5AF4CC4-6850-4498-947A-3FB40102AE3A', 'Sambuddha Sarkar', '9177872608', 'Maharashtra', 'Pune', '411007', '10', 'Flat no. 1, Raj Apartments, Plot-2, Lane-5, Pushpak Park, ITI Road', 'Fab India', 'sambuddhasarkar10@gmail.com', 'heydhobiuser', '', 'bbc92a647199b832ec90d7cf57074e9e', 'N', '1466925794'),
('A8BDB80E-A144-462A-9284-1419272403B5', 'suhasrenati', '8552835394', 'Maharashtra', 'Pune', '411057', '25', 'A-21, 501, sunway, megapolis, ph-3, hinjewadi', 'behind TCS', 'renatisuhas9@gmail.com', 'Gomoesckalante@9', '', 'f92586a25bb3145facd64ab20fd554ff', 'N', '1477407926'),
('AAD19B02-61E7-4F18-87D2-CECE72A4109B', 'Ria Banerjee', '7598320895', 'Maharashtra', 'Pune', '411045', '8', 'Subhashree Society flat 101,   Baner Road', 'opposite TVS showroom', 'ria.5banerjee@gmail.com', 'ria66ban', '', 'ce60ff163cab97029cc727e20e0fc3a7', 'N', '1468299539'),
('AC69103E-B570-4829-A004-1BDFDFF33A3B', 'lucky jain', '7744888166', 'Maharashtra', 'Pune', '411007', '16', 'Flat no-16,building-B2,brahama memories,bhosale nagar', 'near laxmi super market', 'lucky.jain203@gmail.com', 'luckyjain111', '', 'c5f441cd5f43eb2f2c024e1f8b5d00cd', 'Y', '1470299366'),
('AD46106A-3834-4873-B271-B69862B15E98', 'Nikhil Deshmukh ', '9975173569', 'Maharashtra', 'Pune', '411033', '28', 'C-1003, Sukhwani Pacific, behind hotel noorya hometel', 'Opposite Aditya Birla Memorial Hospital ', 'dighesampada@gmail.com', 'sampada123', '', '8ef0327d29dfae100751f4ed0a042790', 'N', '1465613731'),
('B0B04973-A3BC-47A9-AFFB-AAA942C5B493', 'Parag Karkhanis', '9741644299', 'Maharashtra', '', '411045', '8 ', 'Building "P", Flat No. 204, Paranjape Yuthika, Baner-Mahalunge Road', 'Opp. Veerabhadra Nagar', 'paragkarkhanis@gmail.com', 'Nishita1', '', '439fca360bc99c315c5882c4432ae7a4', 'N', '1466478027'),
('B3DC5E1C-1A11-4DA7-AECA-FE018A30D83D', 'Arun', '8856926086', 'Maharashtra', 'Pune', '411045', '8', 'Near laxmi mata mandir', 'Balewadi', 'lalita.panwar76@gmail.com', 'abc1988', '', '9c805dcddc7db4e825949f20601fc73b', 'Y', '1464620400'),
('B4C89C51-17F2-4768-9AFE-B1A50AE6FD39', 'salman', '9876543210', 'Maharashtra', 'Pune', '411057', '25', 'wakad', 'wakad chowk', 'salman.khan@gmail.com', 'sabya8', '', 'dcc5c249e15c211f21e1da0f3ba66169', 'Y', '1474051949'),
('B659517C-A35E-49A8-80E8-FAA04EEC4002', 'Manthan Trivedi', '9881882111', 'Maharashtra', 'Pune', '', '20', 'manthantrivedi@g.harvard.edu', 'Om Super Market, IDBI Bank', 'manthantrivedi@g.harvard.edu', 'Watthetomy1', '', 'abdeb6f575ac5c6676b747bca8d09cc2', 'N', '1476204837'),
('B7BCE541-92C7-43D0-A9F5-0357769B7C00', 'Harsh Taparia', '9689112539', 'Maharashtra', 'Pune', '411004', '18', 'Flat No.10,Sneh Terrace,\r\nNear Joshi Hospital,Off Bhandarkar Road,\r\nDeccan', 'Maharashtra', 'harsh_taparia2010@yahoo.com', 'harsh12345', '', '5735c3a7aa6ffcfe6ab123835584db75', 'N', '1470741658'),
('BA140187-8B13-414E-8F25-428F700EE37C', 'Vaishali Madghe', '9922924217', 'Maharashtra', 'Pune', '440018', '21', 'Building C , Flat number 704 , Element 5', 'Behind Shivar Garden Restaurant', 'vmadghe@gmail.com', 'spring!23', '', 'b91f4f4d36fa98a94ac5584af95594a0', 'N', '1480586782'),
('BC2A331B-2C30-4884-9970-B56A27F91C53', 'Atin Garg', '8408863768', 'Maharashtra', 'Pune', '411045', '9', 'Flat no - 1102, Green Square, Highway Side Pashan Road, Baner', 'Near Yogi Park/Periwinkle Society', 'atingarg93@gmail.com', 'Atin484!', '', '52aaa62e71f829d41d74892a18a11d59', 'N', '1475558566'),
('BC77491D-3E97-417E-9917-AE0F0C0D53F3', 'Shivam Shrivastava', '9555880667', 'Maharashtra', 'Pune', '411045', '8', 'A1-103, Aldea Espanola, Mahalunge', 'Pune', 'shivamshri.08@gmail.com', 'qwerty', '', 'b865367fc4c0845c0682bd466e6ebf4c', 'N', '1470750544'),
('C041F9EA-C926-4344-BFDA-ABF2E15DFEB9', 'Kartik Divgi', '8698218350', 'Maharashtra', 'Pune', '411007', '11', '123, national co-operative housing society', '', 'kartikdivgi14@gmail.com', 'lknm1234', '', '53c6de78244e9f528eb3e1cda69699bb', 'N', '1465194965'),
('C2D84A83-47CD-4811-9405-8E2811A18963', 'Sucheta Kale', '9421059500', 'Maharashtra', 'Pune', '411045', '9', 'Row House #6, Survey 153/1, Prathamesh Park Lane no. 4, Baner', 'Near Balewadi Phata, Near hotel Salt Kitch n Bar', 'kale.sucheta@gmail.com', 'yashwanti9188', '', '825f9cd5f0390bc77c1fed3c94885c87', 'N', '1471751336'),
('C2DD1034-418C-4540-9C75-9E71D405048E', 'Khusboo samtani', '8806972568', 'Maharashtra', 'Pune', '', '21', 'A1- 801 mirchandani palms kokane chowk rahatani', 'Kokane chowk', 'khububby@gmail.com', 'manish07', '', '376d41c34fac1e911e7e197b6a28270e', 'N', '1473331526'),
('C430C9AD-9A6B-4299-BEFA-8E5922631B33', 'Radhika Mundada', '9096262002', 'Maharashtra', 'Pune', '411016', '18', 'B-1003, Rohan Tapovan, off senapati bapat road', 'Behind baramati hostel', 'radhika.mundada13@yahoo.com', 'blacknwhite', '', 'f9209b7866c9f69823201c1732cc8645', 'N', '1476779756'),
('C48581C5-52E5-4E15-A5E9-B20A66B1E7CE', 'Yvonne Vaz', '7411198852', 'Maharashtra', 'Pune', '411007', '10', 'B7 Surajban Housing Society, Kasturba Chowk, University Road, Aundh', 'Near Hotel Pichola', 'yvonnevaz.e@gmail.com', 'runecensorioushaul', '', '54f3bc04830d762a3b56a789b6ff62df', 'N', '1477556436'),
('C5150D6D-F634-4912-BCB8-0A868529DD0E', 'Priyanka singh', '9049847342', 'Maharashtra', 'Pune', '411027', '21', 'Wing B 201 silver mist kokane chock rahthani ', 'Opposite snbp school ', 'priyanka4722@gmail.com', 'Polo@789', '', '49c0b9d84c2a16fcaf9d25694fda75e1', 'N', '1477197301'),
('C551A521-DB02-427E-B673-49D115E3709A', 'Harshada', '9561133886', 'Maharashtra', 'Pune', '411016', '20', 'Flat no.9, 3rd floor, swagat classic apt., Gokhale road, near om super market', 'Opposite to Symbiosis language institute ', 'kindharshi@gmail.com', 'qwerty123', '', '8db1d4a631a6e9a24e2c0e842e1f1772', 'N', '1479990350'),
('C6304557-6CC2-4779-929A-E789CBB0C147', 'Neeta Kumar', '9923326035', 'Maharashtra', 'Pune', '411008', '15', '32,buena monte, panchavati ', 'Next to SBI Nagar', 'reetihanda@yahoo.co.in', 'vehaan', '', '16c244e39517c1e577a0b778cb1ce568', 'N', '1471275960'),
('C6A8E2CD-A7F3-4BC3-939F-E5C286EC955F', 'Advait', '9860280725', 'Maharashtra', 'Pune', '411045', '9', '204 b Basant  bahaar, Baner pashan Link Road ', 'Next to 3M', 'bhavana.d26@gmail.com', '@advait2001', '', 'bd70364a8fcba02366697df66f50b4d4', 'Y', '1466478027'),
('C79F0D18-931B-4DC6-AA2F-D658E07A122F', 'Mamta Poddar', '9823190423', '', 'Pune', '411007', '10', 'I - 301, Rohan Nilay 1, Aundh Road', 'Near Spicer College ', 'mpoddar1502@gmail.com', 'heydhobi', '', '589f763b060f8c19170cdf5196e2bf87', 'N', '1467298800'),
('C80E45BD-E964-4EBB-A059-56B7D8F41421', 'Kiran Kalyanrao Pawar', '7219237527', 'Maharashtra', 'Pune', '411008', '9', 'B/30,nikash skies Pashan , Baner', 'Maharashtra', 'pkunal5710@yahoo.co.in', 'fevicolse', '', '7884a9652e94555c70f96b6be63be216', 'N', '1464966000'),
('CA4E6D71-FA21-4A3D-9ED9-C05A6A291EAE', 'Diksha Chaudhari ', '9899658305', 'Maharashtra', 'Pune', '411045', '9', 'F-405 Rohan Leher, off Mumbai Pune old highway', 'Mercedes Benz showroom ', 'diksha.ralhan@gmail.com', 'a2dikshabond', '', 'cfa3a0bc94975cb9c346a585ccb3ad9e', 'N', '1466059410'),
('CC3929BC-7E0F-49D2-A2E0-00D8710ABC90', 'Sunil Kalapurakkal ', '9168790112', 'Maharashtra', 'Pune', '411045', '9', 'Flat no 303, A wing, Avon Building, Dhankude Vasti, Pancard Club Road,', 'Near Farmers and Grocers, Baner, Pune', 'sunilkp1975@gmail.com', '9168790112', '', 'a35fe7f7fe8217b4369a0af4244d1fca', 'N', '1465272860'),
('CF5014A2-3131-4054-81E4-8D05593B39FC', 'bafna madan harakchand', '9422011000', 'Maharashtra', 'Pune', '', '9', '23 snehpark society Baner Pune', '', 'bafnamadan@gmail.com', '889011', '', '07d2c6fd5472b9796184e152bd92a535', 'N', '1466478027'),
('CFFCA348-F657-4C92-93F7-1FEA1A9509B5', 'Arun T C', '9112409290', 'Maharashtra', 'Pune', '411027', '21', 'B1 - 206, Rose Icon', 'Kunal Icon Road, Pimple Saudagar', 'arun.tc82@gmail.com', 'dhobi123#', '', 'af21d0c97db2e27e13572cbf59eb343d', 'N', '1473945147'),
('D6280C61-FE34-4F6C-9A86-1973CD66513D', 'AMIT GANDHI', '9822034999', 'Maharashtra', 'Pune', '411008', '15', 'A21 SILVANUS APARTRMENTS, LANE OPP CANATRA BANK', 'NEXT TO MANTRI AVENUE 2 [ONLY CEMENT ROAD IN PANCHAVATI]', 'gandhiarts@gmail.com', 'heydhobi123456789', '', '1517c8664be296f0d87d9e5fc54fdd60', 'N', '1471658172'),
('D84EA75B-DD75-4FC2-A120-BBBA2587E7A1', 'Amit P', '7030522322', 'Maharashtra', 'Pune', '411057', '23', 'E-1001, MONT VERT TROPEZ, KASPATE WASTI', 'BEHIND SHOURYA HOTEL', 'cute.pal4u@gmail.com', 'rocking01', '', 'b1b0ef5ba6b569680ece2fae998c4d0a', 'Y', '1467298800'),
('D8BD4361-E1E5-412B-A895-BD2E5778860C', 'SUDHANSHU CHINDARKAR', '9850816069', 'Maharashtra', 'Pune', '411017', '21', 'C-203, Element 5 Society, Behind Shivar Garden Hotel', 'Shivar Garden Hotel', 'sudz1983@gmail.com', 'prjysuhi', '', 'f8f5161cf94df05793592f5fab95138b', 'N', '1465541419'),
('DC48F850-7435-47A7-8247-19FED60FCAB1', 'Anurag', '9730604577', 'Maharashtra', 'Pune', '411020', '13', 'A 24 Anuradha Apartments, pragati nagar, behind pune it park, pune', 'behind pune it patk', 'mail2anurag.andy@gmail.com', 'pass.d', '', '7fcc48d22804dbbe9b66b607d51389d4', 'N', '1465743600'),
('DC537265-01D2-4F7B-A982-9CD50FE388D2', 'Vishal Chakkarwar', '9960933600', 'Maharashtra', '', '411045', '9 ', 'Flat No - 302, 1st Building, Hirabai Niwas, Behind Symantec, Besides Samsung showroom, Baner-Pashan Link Road', 'Symantec Signal', 'chakkarwarvishal@gmail.com', 'vishal@143', '', '96b250a90d3cf0868c83f8c965142d2a', 'N', '1471249063'),
('DD8688AA-D01C-47FB-BFF4-F094F0E7B5F4', 'Ankit Jindal ', '8805430500', 'Maharashtra', 'Pune', '411045', '8', 'A-10, flat no. 33 comfort zone, balewadi', 'Near balewadi phata', 'ankit.jindal014@gmail.com', 'jindal14', '', '45b4f8abe6c172cab391e43e1e0e6611', 'N', '1465225200'),
('DE0B055B-FFE4-46C4-BFE7-74889682C288', 'Shruti tiwari ', '9545520642', 'Maharashtra', 'Pune', '', '10', 'I202,  rohan nilay 1, ', 'Behind spicer school ', 'shrutigyad@gmail.com', '405302', '', '6e7d2da6d3953058db75714ac400b584', 'N', '1469499658'),
('DF20399C-65E9-4452-A406-FDC4959CA51C', 'Hemant', '8390525686', 'Maharashtra', 'Pune', '411021', '15', 'D14 kalyan residency shivalaya housing society sus road', 'Sai chowk', 'hemant.sachdeva04@gmail.com', 'sachdeva@85', '', '350a7f5ee27d22dbe36698b10930ff96', 'N', '1476509094'),
('DF5B572C-7FF0-4899-A56D-4CA9D95AAB4D', 'Vedpathak N D', '7722052093', 'Maharashtra', 'Pune', '7', '9', '301 Montvert Mystique , Baner Road , Opposite Veritas Pallod Farms no 3 Pune 45', 'Opposite Veritas  ', 'chinuritu@hotmail.com', 'dhobi', '', '966bc24f56ab8397ab2303e8e4cdb4c7', 'N', '1471576657'),
('E2BA2747-8180-45EA-88FD-819BD5D340EC', 'Ketan Yadav', '7387431338', 'Maharashtra', 'Pune', '411057', '25', 'A20-1001, Splendour, phase 3', 'TCS', 'kyadav073@gmail.com', 'ketone@10', '', '5301c4d888f5204274439e6dcf5fdb54', 'N', '1468563255'),
('E3685656-8F45-4EEC-9188-47C128D77E8C', 'Poorti Shah', '9422943526', 'Maharashtra', 'Pune', '411008', '15', '34 Buena Monte NCL A CHS off pashan road', 'National Chemical Laboratory', 'poorti23@yahoo.co.in', 'sarapoosana', '', '9854d7afce413aa13cd0a1d39d0bcec5', 'N', '1475405042'),
('E36C36FB-06E7-48B6-8BF9-1F172B1D9637', 'Rashi Gandhi', '9828033340', 'Maharashtra', 'Pune', '411045', '8', 'A4 404, Aldea Espanola, Puraniks, Mahalunge', 'Near Orchid Hotel', 'rsh.gandhi@gmail.com', 'bolia123', '', 'cf9a063bb9be814a77a491171cca236d', 'N', '1470195817'),
('E417ADF0-50B3-4FF4-9144-4D8D125D336F', 'Vasu ', '9597364991', 'Maharashtra', 'Pune', '411045', '8', '25/1 Nia post office nicmar balewadi', 'NIA', 'vasu.yadav2011@gmail.com', '1044263f', '', '8929c70f8d710e412d38da624b21c3c8', 'N', '1471872704'),
('E4813A80-00B9-4819-9852-AF836B04180A', 'Nitin karwa', '9422279043', 'Maharashtra', 'Pune', '411045', '9', '501 Manas Dreams, s.no.88, near Anjore society,Baner ,Pune', 'Behind Ganraj marriage hall', 'nitinkarva@gmail.com', 'karva1', '', '4ea83d951990d8bf07a68ec3e50f9156', 'N', '1466478027'),
('E82F29E6-86B3-400F-82AC-47B6EA260876', 'Aditya Agarwal', '7030987335', 'Maharashtra', 'Pune', '411007', '9', 'flat no. 5,runwal sarovar,baner', 'opp. hotel mahabaleshwar', 'adityaagarwal0374@rediffmail.com', 'heydhobi', '', 'aeecc5a9c646444f00978ed43e747a96', 'N', '1467283773'),
('E8B9072B-23A7-4157-B571-B060FC5561D1', 'Vidya Mohe', '9545523199', 'Maharashtra', 'Pune', '411017', '21', 'C 401,Element 5 CHS,Survey No 18/8,Rahatni,Pimple Saudagar', 'Behaind Hotel Shaivar Garden', 'vidyasmohe@gmail.com', 'vidya1404', '', '96671501524948bc3937b4b30d0e57b9', 'N', '1465525923'),
('ED1AD901-0D54-4121-91AC-D0DE772D1CD9', 'Yash Bhangdia', '9579332333', 'Maharashtra', '', '411007', '16 ', 'A2/9, Bhosale Paradise, Bhosale Nagar, Pune', 'MAHARASHTRA', 'yash.iamcool@gmail.com', 'YashBhangdia', '', '96b250a90d3cf0868c83f8c965142d2a', 'N', '1473699452'),
('ED69E653-10AC-4217-ABBC-8D6256D38482', 'Amol', '9765405086', 'Maharashtra', 'Pune', '411027', '21', 'Z4 505 Roseland Residency Gate No.4 ', 'Near ICICI Bank Pimple Saudagar Branch', 'amol.natekar@gmail.com', 'amol123', '', '60792d855cd8a912a97711f91a1f155c', 'N', '1466048576'),
('EE895544-096A-4B79-8F74-824090C9A8DB', 'Pritisha Dhoka ', '9673719098', 'Maharashtra', 'Pune', '411007', '10', '3D/9, Siddharth Nagar, phase 1', 'Cosmos bank', 'pritishadhoka@gmail.com', 'kaleidoscope', '', '39d6530ef19d55fc98e82cb3907519fa', 'N', '1467298800'),
('F2300938-5D81-4771-A128-D901C660C263', 'Paridhi Sharma ', '8552866771', 'Maharashtra', 'Pune', '411057', '25', 'Megapolise E 105  sangria towers phase III hinjewadi pune ', 'Tcs', 'paridhisharma25@gmail.com', '1722pai', '', '78719f11fa2df9917de3110133506521', 'Y', '1476364953'),
('F416599D-F13F-4C9C-8BDD-4C9AD996C001', 'Abhinav Srivastava', '8600666386', 'Maharashtra', 'Pune', '411007', '10', 'Flat No 9, Building B, Shambhu Vihar, D.P.Road, near DAV School, between Medipoint and Ambedkar Chowk, Aundh', 'Bakliwaal Tutorial near Ambedkar chowk', 'abhinavsri1492@gmail.com', 'dada12345', '', 'd5036c64412973d610202be8dce2b82a', 'N', '1475327087'),
('F66A116E-8D27-4BCE-906E-A38DA589BA58', 'shruti singh', '7052600180', 'Maharashtra', 'Pune', '411045', '9', 'sai kripa bangalow" astagandh society, near hotel imperio near D mart,Baner ', 'Pune', 'shrutisinghchauhan93@gmail.com', 'linkingirls11@', '', 'a6d259bfbfa2062843ef543e21d7ec8e', 'N', '1478759992'),
('F793F25C-B144-49AA-9D8E-780AE8C4EDF0', 'Vaishali Apte', '9923000650', 'Maharashtra', 'Pune', '411045', '8', 'D-701, Prakrtii Society, Balewadi Road,\r\nBaner', 'Maharashtra', 'revati25@gmail.com', 'celinedion', '', '89b9e0a6f6d1505fe13dea0f18a2dcfa', 'N', '1475389529'),
('F8233C76-4E8D-4CB5-8466-A4247E537FBE', 'Priti Kandpal', '9922442790', 'Maharashtra', 'Pune', '411007', '10', 'C 603, surobhi park, nagras road , Aundh', 'near kimling restaurant', 'priti.kandpal@rediffmail.com', 'pari05', '', '7b41bfa5085806dfa24b8c9de0ce567f', 'Y', '1466478027'),
('F8DC0C26-97CE-4002-AB26-98C0BE46E249', 'Rajesh Nair', '9881244074', 'Maharashtra', 'Pune', '411012', '12', 'D-202, Vishal Complex, Kundan Nagar, Dapodi', 'Opp. Atlas Copco Ltd.,', 'sendthis2raj@gmail.com', 'mh14ac9640', '', 'eba55fca4575e35eec8587f10ba60a43', 'N', '2016-08-03 11:22:55'),
('FA6301EC-F5A8-4772-99B2-F079BFCD66F7', 'SUNANDA POHEKAR', '9922709922', 'Maharashtra', 'Pune', '411045', '9', 'F 203 Rohan Leher', 'Behind Regency Classic', 'pohekar_nanda@yahoo.com', 'Leher203', '', 'c2890d44d06bafb6c7b4aa194857ccbc', 'N', '1468215340');

-- --------------------------------------------------------

--
-- Table structure for table `user_subscription`
--

CREATE TABLE IF NOT EXISTS `user_subscription` (
  `SUBSCRIPTION_ID` int(11) NOT NULL AUTO_INCREMENT,
  `USER_ID` varchar(60) NOT NULL,
  `PACKAGE_ID` int(9) NOT NULL,
  `SUBSCRIPTION_DATE` varchar(60) NOT NULL,
  `EXPIRE_DATE` varchar(60) NOT NULL,
  `STATUS` varchar(12) NOT NULL DEFAULT 'ACTIVE',
  PRIMARY KEY (`SUBSCRIPTION_ID`)
) ENGINE=MyISAM  DEFAULT CHARSET=latin1 AUTO_INCREMENT=12 ;

--
-- Dumping data for table `user_subscription`
--

INSERT INTO `user_subscription` (`SUBSCRIPTION_ID`, `USER_ID`, `PACKAGE_ID`, `SUBSCRIPTION_DATE`, `EXPIRE_DATE`, `STATUS`) VALUES
(1, '179988A3-2102-4D08-9C85-492B15A9B564', 1, '1465305105', '', 'ACTIVE'),
(2, '179988A3-2102-4D08-9C85-492B15A9B564', 9, '1465305122', '', 'ACTIVE'),
(3, '', 3, '1465305491', '', 'ACTIVE'),
(4, 'F3D83D9A-D374-42E3-AF9C-6E4D6EC88C48', 10, '1465365994', '', 'ACTIVE'),
(5, 'F3D83D9A-D374-42E3-AF9C-6E4D6EC88C48', 11, '1465366034', '', 'ACTIVE'),
(6, 'F3D83D9A-D374-42E3-AF9C-6E4D6EC88C48', 2, '1465366324', '', 'ACTIVE'),
(7, 'F3D83D9A-D374-42E3-AF9C-6E4D6EC88C48', 9, '1465366824', '', 'ACTIVE'),
(8, 'F3D83D9A-D374-42E3-AF9C-6E4D6EC88C48', 5, '1465366899', '', 'ACTIVE'),
(9, 'F3D83D9A-D374-42E3-AF9C-6E4D6EC88C48', 6, '1465369370', '01/01/1970', 'ACTIVE'),
(10, 'F3D83D9A-D374-42E3-AF9C-6E4D6EC88C48', 7, '1465373074', '08/07/2016', 'ACTIVE'),
(11, '613BEC45-62AB-4BFA-A08B-EF3F8192B6F6', 1, '1473664353', '12/09/2016', 'ACTIVE');

/*!40101 SET CHARACTER_SET_CLIENT=@OLD_CHARACTER_SET_CLIENT */;
/*!40101 SET CHARACTER_SET_RESULTS=@OLD_CHARACTER_SET_RESULTS */;
/*!40101 SET COLLATION_CONNECTION=@OLD_COLLATION_CONNECTION */;
